day,schedule,name
1,"[[8,0],[9,0],[10,0],[11,0],[12,0],[13,0],[14,0],[15,0],[16,0],[17,0]]",Tom
2,"[[8,1],[9,0],[10,2],[11,3],[12,3],[13,1],[14,0],[15,0],[16,2],[17,0]]",Tom
3,"[[8,1],[9,0],[10,0],[11,0],[12,3],[13,0],[14,0],[15,2],[16,0],[17,0]]",Tom
4,"[[8,0],[9,0],[10,1],[11,0],[12,0],[13,0],[14,3],[15,0],[16,2],[17,0]]",Tom
5,"[[8,0],[9,1],[10,0],[11,0],[12,2],[13,0],[14,1],[15,3],[16,0],[17,2]]",Tom
6,"[[8,0],[9,1],[10,0],[11,2],[12,3],[13,0],[14,0],[15,0],[16,0],[17,0]]",Tom
7,"[[8,0],[9,0],[10,0],[11,0],[12,0],[13,0],[14,0],[15,0],[16,0],[17,0]]",Tom
8,"[[8,0],[9,0],[10,0],[11,0],[12,0],[13,0],[14,0],[15,0],[16,0],[17,0]]",Tom
9,"[[8,1],[9,0],[10,2],[11,3],[12,3],[13,1],[14,0],[15,0],[16,2],[17,0]]",Tom
10,"[[8,0],[9,0],[10,3],[11,3],[12,0],[13,0],[14,1],[15,0],[16,0],[17,2]]",Tom
11,"[[8,1],[9,0],[10,0],[11,0],[12,0],[13,0],[14,0],[15,0],[16,0],[17,2]]",Tom
12,"[[8,0],[9,0],[10,1],[11,3],[12,3],[13,0],[14,2],[15,0],[16,0],[17,0]]",Tom
13,"[[8,0],[9,0],[10,3],[11,1],[12,3],[13,0],[14,2],[15,0],[16,0],[17,3]]",Tom
14,"[[8,0],[9,0],[10,0],[11,0],[12,0],[13,0],[14,0],[15,0],[16,0],[17,0]]",Tom
15,"[[8,0],[9,0],[10,0],[11,0],[12,0],[13,0],[14,0],[15,0],[16,0],[17,2]]",Tom
16,"[[8,1],[9,2],[10,0],[11,3],[12,0],[13,1],[14,0],[15,0],[16,2],[17,0]]",Tom
17,"[[8,0],[9,1],[10,2],[11,0],[12,3],[13,3],[14,1],[15,2],[16,1],[17,2]]",Tom
18,"[[8,3],[9,0],[10,1],[11,0],[12,2],[13,0],[14,3],[15,1],[16,0],[17,2]]",Tom
19,"[[8,1],[9,0],[10,3],[11,2],[12,3],[13,1],[14,0],[15,0],[16,2],[17,3]]",Tom
20,"[[8,0],[9,1],[10,0],[11,2],[12,0],[13,3],[14,0],[15,3],[16,0],[17,2]]",Tom
21,"[[8,0],[9,0],[10,0],[11,0],[12,0],[13,0],[14,0],[15,0],[16,0],[17,0]]",Tom
22,"[[8,0],[9,0],[10,0],[11,0],[12,0],[13,0],[14,0],[15,0],[16,0],[17,0]]",Tom
23,"[[8,1],[9,3],[10,0],[11,2],[12,0],[13,1],[14,2],[15,0],[16,3],[17,0]]",Tom
24,"[[8,0],[9,3],[10,1],[11,2],[12,0],[13,0],[14,1],[15,3],[16,0],[17,2]]",Tom
25,"[[8,1],[9,2],[10,0],[11,1],[12,0],[13,0],[14,3],[15,2],[16,0],[17,3]]",Tom
26,"[[8,0],[9,1],[10,0],[11,2],[12,0],[13,0],[14,1],[15,0],[16,2],[17,0]]",Tom
27,"[[8,3],[9,0],[10,1],[11,0],[12,2],[13,3],[14,1],[15,0],[16,2],[17,0]]",Tom
28,"[[8,0],[9,0],[10,0],[11,0],[12,0],[13,0],[14,0],[15,0],[16,0],[17,0]]",Tom
29,"[[8,0],[9,0],[10,0],[11,0],[12,0],[13,0],[14,0],[15,0],[16,0],[17,0]]",Tom
30,"[[8,1],[9,3],[10,0],[11,2],[12,0],[13,0],[14,3],[15,3],[16,3],[17,0]]",Tom
31,"[[8,0],[9,1],[10,0],[11,0],[12,0],[13,0],[14,2],[15,0],[16,0],[17,0]]",Tom
32,"[[8,3],[9,3],[10,1],[11,2],[12,0],[13,1],[14,2],[15,0],[16,0],[17,0]]",Tom
33,"[[8,0],[9,1],[10,0],[11,0],[12,0],[13,0],[14,0],[15,2],[16,0],[17,0]]",Tom
34,"[[8,0],[9,3],[10,1],[11,3],[12,0],[13,0],[14,2],[15,0],[16,3],[17,0]]",Tom
35,"[[8,0],[9,0],[10,0],[11,0],[12,0],[13,0],[14,0],[15,0],[16,0],[17,0]]",Tom
36,"[[8,0],[9,0],[10,0],[11,0],[12,0],[13,0],[14,0],[15,0],[16,0],[17,0]]",Tom
37,"[[8,1],[9,3],[10,3],[11,2],[12,0],[13,1],[14,0],[15,0],[16,2],[17,0]]",Tom
38,"[[8,0],[9,1],[10,3],[11,0],[12,2],[13,0],[14,1],[15,0],[16,0],[17,2]]",Tom
39,"[[8,1],[9,0],[10,3],[11,2],[12,0],[13,3],[14,0],[15,0],[16,1],[17,2]]",Tom
40,"[[8,0],[9,1],[10,0],[11,2],[12,3],[13,0],[14,1],[15,0],[16,2],[17,3]]",Tom
41,"[[8,1],[9,0],[10,0],[11,2],[12,0],[13,3],[14,1],[15,3],[16,0],[17,2]]",Tom
42,"[[8,0],[9,0],[10,0],[11,0],[12,0],[13,0],[14,0],[15,0],[16,0],[17,0]]",Tom
43,"[[8,0],[9,0],[10,0],[11,0],[12,0],[13,0],[14,0],[15,0],[16,0],[17,0]]",Tom
44,"[[8,1],[9,2],[10,3],[11,0],[12,0],[13,3],[14,1],[15,0],[16,2],[17,0]]",Tom
45,"[[8,0],[9,1],[10,0],[11,0],[12,2],[13,0],[14,3],[15,1],[16,0],[17,2]]",Tom
46,"[[8,1],[9,0],[10,2],[11,0],[12,3],[13,3],[14,1],[15,0],[16,0],[17,2]]",Tom
47,"[[8,0],[9,1],[10,0],[11,2],[12,0],[13,0],[14,1],[15,0],[16,2],[17,0]]",Tom
48,"[[8,3],[9,3],[10,0],[11,1],[12,0],[13,2],[14,0],[15,3],[16,1],[17,2]]",Tom
49,"[[8,0],[9,0],[10,0],[11,0],[12,0],[13,0],[14,0],[15,0],[16,0],[17,0]]",Tom
50,"[[8,0],[9,0],[10,0],[11,0],[12,0],[13,0],[14,0],[15,0],[16,0],[17,0]]",Tom
51,"[[8,1],[9,0],[10,2],[11,3],[12,3],[13,1],[14,0],[15,0],[16,2],[17,0]]",Tom
52,"[[8,1],[9,0],[10,0],[11,0],[12,3],[13,0],[14,0],[15,2],[16,0],[17,0]]",Tom
53,"[[8,0],[9,0],[10,1],[11,0],[12,0],[13,0],[14,3],[15,0],[16,2],[17,0]]",Tom
54,"[[8,0],[9,1],[10,0],[11,0],[12,2],[13,0],[14,1],[15,3],[16,0],[17,2]]",Tom
55,"[[8,0],[9,1],[10,0],[11,2],[12,3],[13,0],[14,0],[15,0],[16,0],[17,0]]",Tom
56,"[[8,0],[9,0],[10,0],[11,0],[12,0],[13,0],[14,0],[15,0],[16,0],[17,0]]",Tom
57,"[[8,0],[9,0],[10,0],[11,0],[12,0],[13,0],[14,0],[15,0],[16,0],[17,0]]",Tom
58,"[[8,1],[9,0],[10,2],[11,3],[12,3],[13,1],[14,0],[15,0],[16,2],[17,0]]",Tom
59,"[[8,0],[9,0],[10,3],[11,3],[12,0],[13,0],[14,1],[15,0],[16,0],[17,2]]",Tom
60,"[[8,1],[9,0],[10,0],[11,0],[12,0],[13,0],[14,0],[15,0],[16,0],[17,2]]",Tom
61,"[[8,0],[9,0],[10,1],[11,3],[12,3],[13,0],[14,2],[15,0],[16,0],[17,0]]",Tom
62,"[[8,0],[9,0],[10,3],[11,1],[12,3],[13,0],[14,2],[15,0],[16,0],[17,3]]",Tom
63,"[[8,0],[9,0],[10,0],[11,0],[12,0],[13,0],[14,0],[15,0],[16,0],[17,0]]",Tom
64,"[[8,0],[9,0],[10,0],[11,0],[12,0],[13,0],[14,0],[15,0],[16,0],[17,2]]",Tom
65,"[[8,1],[9,2],[10,0],[11,3],[12,0],[13,1],[14,0],[15,0],[16,2],[17,0]]",Tom
66,"[[8,0],[9,1],[10,2],[11,0],[12,3],[13,3],[14,1],[15,2],[16,1],[17,2]]",Tom
67,"[[8,3],[9,0],[10,1],[11,0],[12,2],[13,0],[14,3],[15,1],[16,0],[17,2]]",Tom
68,"[[8,1],[9,0],[10,3],[11,2],[12,3],[13,1],[14,0],[15,0],[16,2],[17,3]]",Tom
69,"[[8,0],[9,1],[10,0],[11,2],[12,0],[13,3],[14,0],[15,3],[16,0],[17,2]]",Tom
70,"[[8,0],[9,0],[10,0],[11,0],[12,0],[13,0],[14,0],[15,0],[16,0],[17,0]]",Tom
71,"[[8,0],[9,0],[10,0],[11,0],[12,0],[13,0],[14,0],[15,0],[16,0],[17,0]]",Tom
72,"[[8,1],[9,3],[10,0],[11,2],[12,0],[13,1],[14,2],[15,0],[16,3],[17,0]]",Tom
73,"[[8,0],[9,3],[10,1],[11,2],[12,0],[13,0],[14,1],[15,3],[16,0],[17,2]]",Tom
74,"[[8,1],[9,2],[10,0],[11,1],[12,0],[13,0],[14,3],[15,2],[16,0],[17,3]]",Tom
75,"[[8,0],[9,1],[10,0],[11,2],[12,0],[13,0],[14,1],[15,0],[16,2],[17,0]]",Tom
76,"[[8,3],[9,0],[10,1],[11,0],[12,2],[13,3],[14,1],[15,0],[16,2],[17,0]]",Tom
77,"[[8,0],[9,0],[10,0],[11,0],[12,0],[13,0],[14,0],[15,0],[16,0],[17,0]]",Tom
78,"[[8,0],[9,0],[10,0],[11,0],[12,0],[13,0],[14,0],[15,0],[16,0],[17,0]]",Tom
79,"[[8,1],[9,3],[10,0],[11,2],[12,0],[13,0],[14,3],[15,3],[16,3],[17,0]]",Tom
80,"[[8,0],[9,1],[10,0],[11,0],[12,0],[13,0],[14,2],[15,0],[16,0],[17,0]]",Tom
81,"[[8,3],[9,3],[10,1],[11,2],[12,0],[13,1],[14,2],[15,0],[16,0],[17,0]]",Tom
82,"[[8,0],[9,1],[10,0],[11,0],[12,0],[13,0],[14,0],[15,2],[16,0],[17,0]]",Tom
83,"[[8,0],[9,3],[10,1],[11,3],[12,0],[13,0],[14,2],[15,0],[16,3],[17,0]]",Tom
84,"[[8,0],[9,0],[10,0],[11,0],[12,0],[13,0],[14,0],[15,0],[16,0],[17,0]]",Tom
85,"[[8,0],[9,0],[10,0],[11,0],[12,0],[13,0],[14,0],[15,0],[16,0],[17,0]]",Tom
86,"[[8,1],[9,3],[10,3],[11,2],[12,0],[13,1],[14,0],[15,0],[16,2],[17,0]]",Tom
87,"[[8,0],[9,1],[10,3],[11,0],[12,2],[13,0],[14,1],[15,0],[16,0],[17,2]]",Tom
88,"[[8,1],[9,0],[10,3],[11,2],[12,0],[13,3],[14,0],[15,0],[16,1],[17,2]]",Tom
89,"[[8,0],[9,1],[10,0],[11,2],[12,3],[13,0],[14,1],[15,0],[16,2],[17,3]]",Tom
90,"[[8,1],[9,0],[10,0],[11,2],[12,0],[13,3],[14,1],[15,3],[16,0],[17,2]]",Tom
91,"[[8,0],[9,0],[10,0],[11,0],[12,0],[13,0],[14,0],[15,0],[16,0],[17,0]]",Tom
92,"[[8,0],[9,0],[10,0],[11,0],[12,0],[13,0],[14,0],[15,0],[16,0],[17,0]]",Tom
93,"[[8,1],[9,2],[10,3],[11,0],[12,0],[13,3],[14,1],[15,0],[16,2],[17,0]]",Tom
94,"[[8,0],[9,1],[10,0],[11,0],[12,2],[13,0],[14,3],[15,1],[16,0],[17,2]]",Tom
95,"[[8,1],[9,0],[10,2],[11,0],[12,3],[13,3],[14,1],[15,0],[16,0],[17,2]]",Tom
96,"[[8,0],[9,1],[10,0],[11,2],[12,0],[13,0],[14,1],[15,0],[16,2],[17,0]]",Tom
97,"[[8,3],[9,3],[10,0],[11,1],[12,0],[13,2],[14,0],[15,3],[16,1],[17,2]]",Tom
98,"[[8,0],[9,0],[10,0],[11,0],[12,0],[13,0],[14,0],[15,0],[16,0],[17,0]]",Tom
99,"[[8,0],[9,0],[10,0],[11,0],[12,0],[13,0],[14,0],[15,0],[16,0],[17,0]]",Tom
100,"[[8,1],[9,0],[10,2],[11,3],[12,3],[13,1],[14,0],[15,0],[16,2],[17,0]]",Tom
101,"[[8,1],[9,0],[10,0],[11,0],[12,3],[13,0],[14,0],[15,2],[16,0],[17,0]]",Tom
102,"[[8,0],[9,0],[10,1],[11,0],[12,0],[13,0],[14,3],[15,0],[16,2],[17,0]]",Tom
103,"[[8,0],[9,1],[10,0],[11,0],[12,2],[13,0],[14,1],[15,3],[16,0],[17,2]]",Tom
104,"[[8,0],[9,1],[10,0],[11,2],[12,3],[13,0],[14,0],[15,0],[16,0],[17,0]]",Tom
105,"[[8,0],[9,0],[10,0],[11,0],[12,0],[13,0],[14,0],[15,0],[16,0],[17,0]]",Tom
106,"[[8,0],[9,0],[10,0],[11,0],[12,0],[13,0],[14,0],[15,0],[16,0],[17,0]]",Tom
107,"[[8,1],[9,0],[10,2],[11,3],[12,3],[13,1],[14,0],[15,0],[16,2],[17,0]]",Tom
108,"[[8,0],[9,0],[10,3],[11,3],[12,0],[13,0],[14,1],[15,0],[16,0],[17,2]]",Tom
109,"[[8,1],[9,0],[10,0],[11,0],[12,0],[13,0],[14,0],[15,0],[16,0],[17,2]]",Tom
110,"[[8,0],[9,0],[10,1],[11,3],[12,3],[13,0],[14,2],[15,0],[16,0],[17,0]]",Tom
111,"[[8,0],[9,0],[10,3],[11,1],[12,3],[13,0],[14,2],[15,0],[16,0],[17,3]]",Tom
112,"[[8,0],[9,0],[10,0],[11,0],[12,0],[13,0],[14,0],[15,0],[16,0],[17,0]]",Tom
113,"[[8,0],[9,0],[10,0],[11,0],[12,0],[13,0],[14,0],[15,0],[16,0],[17,2]]",Tom
114,"[[8,1],[9,2],[10,0],[11,3],[12,0],[13,1],[14,0],[15,0],[16,2],[17,0]]",Tom
115,"[[8,0],[9,1],[10,2],[11,0],[12,3],[13,3],[14,1],[15,2],[16,1],[17,2]]",Tom
116,"[[8,3],[9,0],[10,1],[11,0],[12,2],[13,0],[14,3],[15,1],[16,0],[17,2]]",Tom
117,"[[8,1],[9,0],[10,3],[11,2],[12,3],[13,1],[14,0],[15,0],[16,2],[17,3]]",Tom
118,"[[8,0],[9,1],[10,0],[11,2],[12,0],[13,3],[14,0],[15,3],[16,0],[17,2]]",Tom
119,"[[8,0],[9,0],[10,0],[11,0],[12,0],[13,0],[14,0],[15,0],[16,0],[17,0]]",Tom
120,"[[8,0],[9,0],[10,0],[11,0],[12,0],[13,0],[14,0],[15,0],[16,0],[17,0]]",Tom
121,"[[8,1],[9,3],[10,0],[11,2],[12,0],[13,1],[14,2],[15,0],[16,3],[17,0]]",Tom
122,"[[8,0],[9,3],[10,1],[11,2],[12,0],[13,0],[14,1],[15,3],[16,0],[17,2]]",Tom
123,"[[8,1],[9,2],[10,0],[11,1],[12,0],[13,0],[14,3],[15,2],[16,0],[17,3]]",Tom
124,"[[8,0],[9,1],[10,0],[11,2],[12,0],[13,0],[14,1],[15,0],[16,2],[17,0]]",Tom
125,"[[8,3],[9,0],[10,1],[11,0],[12,2],[13,3],[14,1],[15,0],[16,2],[17,0]]",Tom
126,"[[8,0],[9,0],[10,0],[11,0],[12,0],[13,0],[14,0],[15,0],[16,0],[17,0]]",Tom
127,"[[8,0],[9,0],[10,0],[11,0],[12,0],[13,0],[14,0],[15,0],[16,0],[17,0]]",Tom
128,"[[8,1],[9,3],[10,0],[11,2],[12,0],[13,0],[14,3],[15,3],[16,3],[17,0]]",Tom
129,"[[8,0],[9,1],[10,0],[11,0],[12,0],[13,0],[14,2],[15,0],[16,0],[17,0]]",Tom
130,"[[8,3],[9,3],[10,1],[11,2],[12,0],[13,1],[14,2],[15,0],[16,0],[17,0]]",Tom
131,"[[8,0],[9,1],[10,0],[11,0],[12,0],[13,0],[14,0],[15,2],[16,0],[17,0]]",Tom
132,"[[8,0],[9,3],[10,1],[11,3],[12,0],[13,0],[14,2],[15,0],[16,3],[17,0]]",Tom
133,"[[8,0],[9,0],[10,0],[11,0],[12,0],[13,0],[14,0],[15,0],[16,0],[17,0]]",Tom
134,"[[8,0],[9,0],[10,0],[11,0],[12,0],[13,0],[14,0],[15,0],[16,0],[17,0]]",Tom
135,"[[8,1],[9,3],[10,3],[11,2],[12,0],[13,1],[14,0],[15,0],[16,2],[17,0]]",Tom
136,"[[8,0],[9,1],[10,3],[11,0],[12,2],[13,0],[14,1],[15,0],[16,0],[17,2]]",Tom
137,"[[8,1],[9,0],[10,3],[11,2],[12,0],[13,3],[14,0],[15,0],[16,1],[17,2]]",Tom
138,"[[8,0],[9,1],[10,0],[11,2],[12,3],[13,0],[14,1],[15,0],[16,2],[17,3]]",Tom
139,"[[8,1],[9,0],[10,0],[11,2],[12,0],[13,3],[14,1],[15,3],[16,0],[17,2]]",Tom
140,"[[8,0],[9,0],[10,0],[11,0],[12,0],[13,0],[14,0],[15,0],[16,0],[17,0]]",Tom
141,"[[8,0],[9,0],[10,0],[11,0],[12,0],[13,0],[14,0],[15,0],[16,0],[17,0]]",Tom
142,"[[8,1],[9,2],[10,3],[11,0],[12,0],[13,3],[14,1],[15,0],[16,2],[17,0]]",Tom
143,"[[8,0],[9,1],[10,0],[11,0],[12,2],[13,0],[14,3],[15,1],[16,0],[17,2]]",Tom
144,"[[8,1],[9,0],[10,2],[11,0],[12,3],[13,3],[14,1],[15,0],[16,0],[17,2]]",Tom
145,"[[8,0],[9,1],[10,0],[11,2],[12,0],[13,0],[14,1],[15,0],[16,2],[17,0]]",Tom
146,"[[8,3],[9,3],[10,0],[11,1],[12,0],[13,2],[14,0],[15,3],[16,1],[17,2]]",Tom
147,"[[8,0],[9,0],[10,0],[11,0],[12,0],[13,0],[14,0],[15,0],[16,0],[17,0]]",Tom
148,"[[8,0],[9,0],[10,0],[11,0],[12,0],[13,0],[14,0],[15,0],[16,0],[17,0]]",Tom
149,"[[8,1],[9,0],[10,2],[11,3],[12,3],[13,1],[14,0],[15,0],[16,2],[17,0]]",Tom
150,"[[8,1],[9,0],[10,0],[11,0],[12,3],[13,0],[14,0],[15,2],[16,0],[17,0]]",Tom
151,"[[8,0],[9,0],[10,1],[11,0],[12,0],[13,0],[14,3],[15,0],[16,2],[17,0]]",Tom
152,"[[8,0],[9,1],[10,0],[11,0],[12,2],[13,0],[14,1],[15,3],[16,0],[17,2]]",Tom
153,"[[8,0],[9,1],[10,0],[11,2],[12,3],[13,0],[14,0],[15,0],[16,0],[17,0]]",Tom
154,"[[8,0],[9,0],[10,0],[11,0],[12,0],[13,0],[14,0],[15,0],[16,0],[17,0]]",Tom
155,"[[8,0],[9,0],[10,0],[11,0],[12,0],[13,0],[14,0],[15,0],[16,0],[17,0]]",Tom
156,"[[8,1],[9,0],[10,2],[11,3],[12,3],[13,1],[14,0],[15,0],[16,2],[17,0]]",Tom
157,"[[8,0],[9,0],[10,3],[11,3],[12,0],[13,0],[14,1],[15,0],[16,0],[17,2]]",Tom
158,"[[8,1],[9,0],[10,0],[11,0],[12,0],[13,0],[14,0],[15,0],[16,0],[17,2]]",Tom
159,"[[8,0],[9,0],[10,1],[11,3],[12,3],[13,0],[14,2],[15,0],[16,0],[17,0]]",Tom
160,"[[8,0],[9,0],[10,3],[11,1],[12,3],[13,0],[14,2],[15,0],[16,0],[17,3]]",Tom
161,"[[8,0],[9,0],[10,0],[11,0],[12,0],[13,0],[14,0],[15,0],[16,0],[17,0]]",Tom
162,"[[8,0],[9,0],[10,0],[11,0],[12,0],[13,0],[14,0],[15,0],[16,0],[17,2]]",Tom
163,"[[8,1],[9,2],[10,0],[11,3],[12,0],[13,1],[14,0],[15,0],[16,2],[17,0]]",Tom
164,"[[8,0],[9,1],[10,2],[11,0],[12,3],[13,3],[14,1],[15,2],[16,1],[17,2]]",Tom
165,"[[8,3],[9,0],[10,1],[11,0],[12,2],[13,0],[14,3],[15,1],[16,0],[17,2]]",Tom
166,"[[8,1],[9,0],[10,3],[11,2],[12,3],[13,1],[14,0],[15,0],[16,2],[17,3]]",Tom
167,"[[8,0],[9,1],[10,0],[11,2],[12,0],[13,3],[14,0],[15,3],[16,0],[17,2]]",Tom
168,"[[8,0],[9,0],[10,0],[11,0],[12,0],[13,0],[14,0],[15,0],[16,0],[17,0]]",Tom
169,"[[8,0],[9,0],[10,0],[11,0],[12,0],[13,0],[14,0],[15,0],[16,0],[17,0]]",Tom
170,"[[8,1],[9,3],[10,0],[11,2],[12,0],[13,1],[14,2],[15,0],[16,3],[17,0]]",Tom
171,"[[8,0],[9,3],[10,1],[11,2],[12,0],[13,0],[14,1],[15,3],[16,0],[17,2]]",Tom
172,"[[8,1],[9,2],[10,0],[11,1],[12,0],[13,0],[14,3],[15,2],[16,0],[17,3]]",Tom
173,"[[8,0],[9,1],[10,0],[11,2],[12,0],[13,0],[14,1],[15,0],[16,2],[17,0]]",Tom
174,"[[8,3],[9,0],[10,1],[11,0],[12,2],[13,3],[14,1],[15,0],[16,2],[17,0]]",Tom
175,"[[8,0],[9,0],[10,0],[11,0],[12,0],[13,0],[14,0],[15,0],[16,0],[17,0]]",Tom
176,"[[8,0],[9,0],[10,0],[11,0],[12,0],[13,0],[14,0],[15,0],[16,0],[17,0]]",Tom
177,"[[8,1],[9,3],[10,0],[11,2],[12,0],[13,0],[14,3],[15,3],[16,3],[17,0]]",Tom
178,"[[8,0],[9,1],[10,0],[11,0],[12,0],[13,0],[14,2],[15,0],[16,0],[17,0]]",Tom
179,"[[8,3],[9,3],[10,1],[11,2],[12,0],[13,1],[14,2],[15,0],[16,0],[17,0]]",Tom
180,"[[8,0],[9,1],[10,0],[11,0],[12,0],[13,0],[14,0],[15,2],[16,0],[17,0]]",Tom
181,"[[8,0],[9,3],[10,1],[11,3],[12,0],[13,0],[14,2],[15,0],[16,3],[17,0]]",Tom
182,"[[8,0],[9,0],[10,0],[11,0],[12,0],[13,0],[14,0],[15,0],[16,0],[17,0]]",Tom
183,"[[8,0],[9,0],[10,0],[11,0],[12,0],[13,0],[14,0],[15,0],[16,0],[17,0]]",Tom
184,"[[8,1],[9,3],[10,3],[11,2],[12,0],[13,1],[14,0],[15,0],[16,2],[17,0]]",Tom
185,"[[8,0],[9,1],[10,3],[11,0],[12,2],[13,0],[14,1],[15,0],[16,0],[17,2]]",Tom
186,"[[8,1],[9,0],[10,3],[11,2],[12,0],[13,3],[14,0],[15,0],[16,1],[17,2]]",Tom
187,"[[8,0],[9,1],[10,0],[11,2],[12,3],[13,0],[14,1],[15,0],[16,2],[17,3]]",Tom
188,"[[8,1],[9,0],[10,0],[11,2],[12,0],[13,3],[14,1],[15,3],[16,0],[17,2]]",Tom
189,"[[8,0],[9,0],[10,0],[11,0],[12,0],[13,0],[14,0],[15,0],[16,0],[17,0]]",Tom
190,"[[8,0],[9,0],[10,0],[11,0],[12,0],[13,0],[14,0],[15,0],[16,0],[17,0]]",Tom
191,"[[8,1],[9,2],[10,3],[11,0],[12,0],[13,3],[14,1],[15,0],[16,2],[17,0]]",Tom
192,"[[8,0],[9,1],[10,0],[11,0],[12,2],[13,0],[14,3],[15,1],[16,0],[17,2]]",Tom
193,"[[8,1],[9,0],[10,2],[11,0],[12,3],[13,3],[14,1],[15,0],[16,0],[17,2]]",Tom
194,"[[8,0],[9,1],[10,0],[11,2],[12,0],[13,0],[14,1],[15,0],[16,2],[17,0]]",Tom
195,"[[8,3],[9,3],[10,0],[11,1],[12,0],[13,2],[14,0],[15,3],[16,1],[17,2]]",Tom
196,"[[8,0],[9,0],[10,0],[11,0],[12,0],[13,0],[14,0],[15,0],[16,0],[17,0]]",Tom
197,"[[8,0],[9,0],[10,0],[11,0],[12,0],[13,0],[14,0],[15,0],[16,0],[17,0]]",Tom
198,"[[8,1],[9,0],[10,2],[11,3],[12,3],[13,1],[14,0],[15,0],[16,2],[17,0]]",Tom
199,"[[8,1],[9,0],[10,0],[11,0],[12,3],[13,0],[14,0],[15,2],[16,0],[17,0]]",Tom
200,"[[8,0],[9,0],[10,1],[11,0],[12,0],[13,0],[14,3],[15,0],[16,2],[17,0]]",Tom
201,"[[8,0],[9,1],[10,0],[11,0],[12,2],[13,0],[14,1],[15,3],[16,0],[17,2]]",Tom
202,"[[8,0],[9,1],[10,0],[11,2],[12,3],[13,0],[14,0],[15,0],[16,0],[17,0]]",Tom
203,"[[8,0],[9,0],[10,0],[11,0],[12,0],[13,0],[14,0],[15,0],[16,0],[17,0]]",Tom
204,"[[8,0],[9,0],[10,0],[11,0],[12,0],[13,0],[14,0],[15,0],[16,0],[17,0]]",Tom
205,"[[8,1],[9,0],[10,2],[11,3],[12,3],[13,1],[14,0],[15,0],[16,2],[17,0]]",Tom
206,"[[8,0],[9,0],[10,3],[11,3],[12,0],[13,0],[14,1],[15,0],[16,0],[17,2]]",Tom
207,"[[8,1],[9,0],[10,0],[11,0],[12,0],[13,0],[14,0],[15,0],[16,0],[17,2]]",Tom
208,"[[8,0],[9,0],[10,1],[11,3],[12,3],[13,0],[14,2],[15,0],[16,0],[17,0]]",Tom
209,"[[8,0],[9,0],[10,3],[11,1],[12,3],[13,0],[14,2],[15,0],[16,0],[17,3]]",Tom
210,"[[8,0],[9,0],[10,0],[11,0],[12,0],[13,0],[14,0],[15,0],[16,0],[17,0]]",Tom
211,"[[8,0],[9,0],[10,0],[11,0],[12,0],[13,0],[14,0],[15,0],[16,0],[17,2]]",Tom
212,"[[8,1],[9,2],[10,0],[11,3],[12,0],[13,1],[14,0],[15,0],[16,2],[17,0]]",Tom
213,"[[8,0],[9,1],[10,2],[11,0],[12,3],[13,3],[14,1],[15,2],[16,1],[17,2]]",Tom
214,"[[8,3],[9,0],[10,1],[11,0],[12,2],[13,0],[14,3],[15,1],[16,0],[17,2]]",Tom
215,"[[8,1],[9,0],[10,3],[11,2],[12,3],[13,1],[14,0],[15,0],[16,2],[17,3]]",Tom
216,"[[8,0],[9,1],[10,0],[11,2],[12,0],[13,3],[14,0],[15,3],[16,0],[17,2]]",Tom
217,"[[8,0],[9,0],[10,0],[11,0],[12,0],[13,0],[14,0],[15,0],[16,0],[17,0]]",Tom
218,"[[8,0],[9,0],[10,0],[11,0],[12,0],[13,0],[14,0],[15,0],[16,0],[17,0]]",Tom
219,"[[8,1],[9,3],[10,0],[11,2],[12,0],[13,1],[14,2],[15,0],[16,3],[17,0]]",Tom
220,"[[8,0],[9,3],[10,1],[11,2],[12,0],[13,0],[14,1],[15,3],[16,0],[17,2]]",Tom
221,"[[8,1],[9,2],[10,0],[11,1],[12,0],[13,0],[14,3],[15,2],[16,0],[17,3]]",Tom
222,"[[8,0],[9,1],[10,0],[11,2],[12,0],[13,0],[14,1],[15,0],[16,2],[17,0]]",Tom
223,"[[8,3],[9,0],[10,1],[11,0],[12,2],[13,3],[14,1],[15,0],[16,2],[17,0]]",Tom
224,"[[8,0],[9,0],[10,0],[11,0],[12,0],[13,0],[14,0],[15,0],[16,0],[17,0]]",Tom
225,"[[8,0],[9,0],[10,0],[11,0],[12,0],[13,0],[14,0],[15,0],[16,0],[17,0]]",Tom
226,"[[8,1],[9,3],[10,0],[11,2],[12,0],[13,0],[14,3],[15,3],[16,3],[17,0]]",Tom
227,"[[8,0],[9,1],[10,0],[11,0],[12,0],[13,0],[14,2],[15,0],[16,0],[17,0]]",Tom
228,"[[8,3],[9,3],[10,1],[11,2],[12,0],[13,1],[14,2],[15,0],[16,0],[17,0]]",Tom
229,"[[8,0],[9,1],[10,0],[11,0],[12,0],[13,0],[14,0],[15,2],[16,0],[17,0]]",Tom
230,"[[8,0],[9,3],[10,1],[11,3],[12,0],[13,0],[14,2],[15,0],[16,3],[17,0]]",Tom
231,"[[8,0],[9,0],[10,0],[11,0],[12,0],[13,0],[14,0],[15,0],[16,0],[17,0]]",Tom
232,"[[8,0],[9,0],[10,0],[11,0],[12,0],[13,0],[14,0],[15,0],[16,0],[17,0]]",Tom
233,"[[8,1],[9,3],[10,3],[11,2],[12,0],[13,1],[14,0],[15,0],[16,2],[17,0]]",Tom
234,"[[8,0],[9,1],[10,3],[11,0],[12,2],[13,0],[14,1],[15,0],[16,0],[17,2]]",Tom
235,"[[8,1],[9,0],[10,3],[11,2],[12,0],[13,3],[14,0],[15,0],[16,1],[17,2]]",Tom
236,"[[8,0],[9,1],[10,0],[11,2],[12,3],[13,0],[14,1],[15,0],[16,2],[17,3]]",Tom
237,"[[8,1],[9,0],[10,0],[11,2],[12,0],[13,3],[14,1],[15,3],[16,0],[17,2]]",Tom
238,"[[8,0],[9,0],[10,0],[11,0],[12,0],[13,0],[14,0],[15,0],[16,0],[17,0]]",Tom
239,"[[8,0],[9,0],[10,0],[11,0],[12,0],[13,0],[14,0],[15,0],[16,0],[17,0]]",Tom
240,"[[8,1],[9,2],[10,3],[11,0],[12,0],[13,3],[14,1],[15,0],[16,2],[17,0]]",Tom
241,"[[8,0],[9,1],[10,0],[11,0],[12,2],[13,0],[14,3],[15,1],[16,0],[17,2]]",Tom
242,"[[8,1],[9,0],[10,2],[11,0],[12,3],[13,3],[14,1],[15,0],[16,0],[17,2]]",Tom
243,"[[8,0],[9,1],[10,0],[11,2],[12,0],[13,0],[14,1],[15,0],[16,2],[17,0]]",Tom
244,"[[8,3],[9,3],[10,0],[11,1],[12,0],[13,2],[14,0],[15,3],[16,1],[17,2]]",Tom
245,"[[8,0],[9,0],[10,0],[11,0],[12,0],[13,0],[14,0],[15,0],[16,0],[17,0]]",Tom
246,"[[8,0],[9,0],[10,0],[11,0],[12,0],[13,0],[14,0],[15,0],[16,0],[17,0]]",Tom
247,"[[8,1],[9,0],[10,2],[11,3],[12,3],[13,1],[14,0],[15,0],[16,2],[17,0]]",Tom
248,"[[8,1],[9,0],[10,0],[11,0],[12,3],[13,0],[14,0],[15,2],[16,0],[17,0]]",Tom
249,"[[8,0],[9,0],[10,1],[11,0],[12,0],[13,0],[14,3],[15,0],[16,2],[17,0]]",Tom
250,"[[8,0],[9,1],[10,0],[11,0],[12,2],[13,0],[14,1],[15,3],[16,0],[17,2]]",Tom
251,"[[8,0],[9,1],[10,0],[11,2],[12,3],[13,0],[14,0],[15,0],[16,0],[17,0]]",Tom
252,"[[8,0],[9,0],[10,0],[11,0],[12,0],[13,0],[14,0],[15,0],[16,0],[17,0]]",Tom
253,"[[8,0],[9,0],[10,0],[11,0],[12,0],[13,0],[14,0],[15,0],[16,0],[17,0]]",Tom
254,"[[8,1],[9,0],[10,2],[11,3],[12,3],[13,1],[14,0],[15,0],[16,2],[17,0]]",Tom
255,"[[8,0],[9,0],[10,3],[11,3],[12,0],[13,0],[14,1],[15,0],[16,0],[17,2]]",Tom
256,"[[8,1],[9,0],[10,0],[11,0],[12,0],[13,0],[14,0],[15,0],[16,0],[17,2]]",Tom
257,"[[8,0],[9,0],[10,1],[11,3],[12,3],[13,0],[14,2],[15,0],[16,0],[17,0]]",Tom
258,"[[8,0],[9,0],[10,3],[11,1],[12,3],[13,0],[14,2],[15,0],[16,0],[17,3]]",Tom
259,"[[8,0],[9,0],[10,0],[11,0],[12,0],[13,0],[14,0],[15,0],[16,0],[17,0]]",Tom
260,"[[8,0],[9,0],[10,0],[11,0],[12,0],[13,0],[14,0],[15,0],[16,0],[17,2]]",Tom
261,"[[8,1],[9,2],[10,0],[11,3],[12,0],[13,1],[14,0],[15,0],[16,2],[17,0]]",Tom
262,"[[8,0],[9,1],[10,2],[11,0],[12,3],[13,3],[14,1],[15,2],[16,1],[17,2]]",Tom
263,"[[8,3],[9,0],[10,1],[11,0],[12,2],[13,0],[14,3],[15,1],[16,0],[17,2]]",Tom
264,"[[8,1],[9,0],[10,3],[11,2],[12,3],[13,1],[14,0],[15,0],[16,2],[17,3]]",Tom
265,"[[8,0],[9,1],[10,0],[11,2],[12,0],[13,3],[14,0],[15,3],[16,0],[17,2]]",Tom
266,"[[8,0],[9,0],[10,0],[11,0],[12,0],[13,0],[14,0],[15,0],[16,0],[17,0]]",Tom
267,"[[8,0],[9,0],[10,0],[11,0],[12,0],[13,0],[14,0],[15,0],[16,0],[17,0]]",Tom
268,"[[8,1],[9,3],[10,0],[11,2],[12,0],[13,1],[14,2],[15,0],[16,3],[17,0]]",Tom
269,"[[8,0],[9,3],[10,1],[11,2],[12,0],[13,0],[14,1],[15,3],[16,0],[17,2]]",Tom
270,"[[8,1],[9,2],[10,0],[11,1],[12,0],[13,0],[14,3],[15,2],[16,0],[17,3]]",Tom
271,"[[8,0],[9,1],[10,0],[11,2],[12,0],[13,0],[14,1],[15,0],[16,2],[17,0]]",Tom
272,"[[8,3],[9,0],[10,1],[11,0],[12,2],[13,3],[14,1],[15,0],[16,2],[17,0]]",Tom
273,"[[8,0],[9,0],[10,0],[11,0],[12,0],[13,0],[14,0],[15,0],[16,0],[17,0]]",Tom
274,"[[8,0],[9,0],[10,0],[11,0],[12,0],[13,0],[14,0],[15,0],[16,0],[17,0]]",Tom
275,"[[8,1],[9,3],[10,0],[11,2],[12,0],[13,0],[14,3],[15,3],[16,3],[17,0]]",Tom
276,"[[8,0],[9,1],[10,0],[11,0],[12,0],[13,0],[14,2],[15,0],[16,0],[17,0]]",Tom
277,"[[8,3],[9,3],[10,1],[11,2],[12,0],[13,1],[14,2],[15,0],[16,0],[17,0]]",Tom
278,"[[8,0],[9,1],[10,0],[11,0],[12,0],[13,0],[14,0],[15,2],[16,0],[17,0]]",Tom
279,"[[8,0],[9,3],[10,1],[11,3],[12,0],[13,0],[14,2],[15,0],[16,3],[17,0]]",Tom
280,"[[8,0],[9,0],[10,0],[11,0],[12,0],[13,0],[14,0],[15,0],[16,0],[17,0]]",Tom
281,"[[8,0],[9,0],[10,0],[11,0],[12,0],[13,0],[14,0],[15,0],[16,0],[17,0]]",Tom
282,"[[8,1],[9,3],[10,3],[11,2],[12,0],[13,1],[14,0],[15,0],[16,2],[17,0]]",Tom
283,"[[8,0],[9,1],[10,3],[11,0],[12,2],[13,0],[14,1],[15,0],[16,0],[17,2]]",Tom
284,"[[8,1],[9,0],[10,3],[11,2],[12,0],[13,3],[14,0],[15,0],[16,1],[17,2]]",Tom
285,"[[8,0],[9,1],[10,0],[11,2],[12,3],[13,0],[14,1],[15,0],[16,2],[17,3]]",Tom
286,"[[8,1],[9,0],[10,0],[11,2],[12,0],[13,3],[14,1],[15,3],[16,0],[17,2]]",Tom
287,"[[8,0],[9,0],[10,0],[11,0],[12,0],[13,0],[14,0],[15,0],[16,0],[17,0]]",Tom
288,"[[8,0],[9,0],[10,0],[11,0],[12,0],[13,0],[14,0],[15,0],[16,0],[17,0]]",Tom
289,"[[8,1],[9,2],[10,3],[11,0],[12,0],[13,3],[14,1],[15,0],[16,2],[17,0]]",Tom
290,"[[8,0],[9,1],[10,0],[11,0],[12,2],[13,0],[14,3],[15,1],[16,0],[17,2]]",Tom
291,"[[8,1],[9,0],[10,2],[11,0],[12,3],[13,3],[14,1],[15,0],[16,0],[17,2]]",Tom
292,"[[8,0],[9,1],[10,0],[11,2],[12,0],[13,0],[14,1],[15,0],[16,2],[17,0]]",Tom
293,"[[8,3],[9,3],[10,0],[11,1],[12,0],[13,2],[14,0],[15,3],[16,1],[17,2]]",Tom
294,"[[8,0],[9,0],[10,0],[11,0],[12,0],[13,0],[14,0],[15,0],[16,0],[17,0]]",Tom
295,"[[8,0],[9,0],[10,0],[11,0],[12,0],[13,0],[14,0],[15,0],[16,0],[17,0]]",Tom
296,"[[8,1],[9,0],[10,2],[11,3],[12,3],[13,1],[14,0],[15,0],[16,2],[17,0]]",Tom
297,"[[8,1],[9,0],[10,0],[11,0],[12,3],[13,0],[14,0],[15,2],[16,0],[17,0]]",Tom
298,"[[8,0],[9,0],[10,1],[11,0],[12,0],[13,0],[14,3],[15,0],[16,2],[17,0]]",Tom
299,"[[8,0],[9,1],[10,0],[11,0],[12,2],[13,0],[14,1],[15,3],[16,0],[17,2]]",Tom
300,"[[8,0],[9,1],[10,0],[11,2],[12,3],[13,0],[14,0],[15,0],[16,0],[17,0]]",Tom
301,"[[8,0],[9,0],[10,0],[11,0],[12,0],[13,0],[14,0],[15,0],[16,0],[17,0]]",Tom
302,"[[8,0],[9,0],[10,0],[11,0],[12,0],[13,0],[14,0],[15,0],[16,0],[17,0]]",Tom
303,"[[8,1],[9,0],[10,2],[11,3],[12,3],[13,1],[14,0],[15,0],[16,2],[17,0]]",Tom
304,"[[8,0],[9,0],[10,3],[11,3],[12,0],[13,0],[14,1],[15,0],[16,0],[17,2]]",Tom
305,"[[8,1],[9,0],[10,0],[11,0],[12,0],[13,0],[14,0],[15,0],[16,0],[17,2]]",Tom
306,"[[8,0],[9,0],[10,1],[11,3],[12,3],[13,0],[14,2],[15,0],[16,0],[17,0]]",Tom
307,"[[8,0],[9,0],[10,3],[11,1],[12,3],[13,0],[14,2],[15,0],[16,0],[17,3]]",Tom
308,"[[8,0],[9,0],[10,0],[11,0],[12,0],[13,0],[14,0],[15,0],[16,0],[17,0]]",Tom
309,"[[8,0],[9,0],[10,0],[11,0],[12,0],[13,0],[14,0],[15,0],[16,0],[17,2]]",Tom
310,"[[8,1],[9,2],[10,0],[11,3],[12,0],[13,1],[14,0],[15,0],[16,2],[17,0]]",Tom
311,"[[8,0],[9,1],[10,2],[11,0],[12,3],[13,3],[14,1],[15,2],[16,1],[17,2]]",Tom
312,"[[8,3],[9,0],[10,1],[11,0],[12,2],[13,0],[14,3],[15,1],[16,0],[17,2]]",Tom
313,"[[8,1],[9,0],[10,3],[11,2],[12,3],[13,1],[14,0],[15,0],[16,2],[17,3]]",Tom
314,"[[8,0],[9,1],[10,0],[11,2],[12,0],[13,3],[14,0],[15,3],[16,0],[17,2]]",Tom
315,"[[8,0],[9,0],[10,0],[11,0],[12,0],[13,0],[14,0],[15,0],[16,0],[17,0]]",Tom
316,"[[8,0],[9,0],[10,0],[11,0],[12,0],[13,0],[14,0],[15,0],[16,0],[17,0]]",Tom
317,"[[8,1],[9,3],[10,0],[11,2],[12,0],[13,1],[14,2],[15,0],[16,3],[17,0]]",Tom
318,"[[8,0],[9,3],[10,1],[11,2],[12,0],[13,0],[14,1],[15,3],[16,0],[17,2]]",Tom
319,"[[8,1],[9,2],[10,0],[11,1],[12,0],[13,0],[14,3],[15,2],[16,0],[17,3]]",Tom
320,"[[8,0],[9,1],[10,0],[11,2],[12,0],[13,0],[14,1],[15,0],[16,2],[17,0]]",Tom
321,"[[8,3],[9,0],[10,1],[11,0],[12,2],[13,3],[14,1],[15,0],[16,2],[17,0]]",Tom
322,"[[8,0],[9,0],[10,0],[11,0],[12,0],[13,0],[14,0],[15,0],[16,0],[17,0]]",Tom
323,"[[8,0],[9,0],[10,0],[11,0],[12,0],[13,0],[14,0],[15,0],[16,0],[17,0]]",Tom
324,"[[8,1],[9,3],[10,0],[11,2],[12,0],[13,0],[14,3],[15,3],[16,3],[17,0]]",Tom
325,"[[8,0],[9,1],[10,0],[11,0],[12,0],[13,0],[14,2],[15,0],[16,0],[17,0]]",Tom
326,"[[8,3],[9,3],[10,1],[11,2],[12,0],[13,1],[14,2],[15,0],[16,0],[17,0]]",Tom
327,"[[8,0],[9,1],[10,0],[11,0],[12,0],[13,0],[14,0],[15,2],[16,0],[17,0]]",Tom
328,"[[8,0],[9,3],[10,1],[11,3],[12,0],[13,0],[14,2],[15,0],[16,3],[17,0]]",Tom
329,"[[8,0],[9,0],[10,0],[11,0],[12,0],[13,0],[14,0],[15,0],[16,0],[17,0]]",Tom
330,"[[8,0],[9,0],[10,0],[11,0],[12,0],[13,0],[14,0],[15,0],[16,0],[17,0]]",Tom
331,"[[8,1],[9,3],[10,3],[11,2],[12,0],[13,1],[14,0],[15,0],[16,2],[17,0]]",Tom
332,"[[8,0],[9,1],[10,3],[11,0],[12,2],[13,0],[14,1],[15,0],[16,0],[17,2]]",Tom
333,"[[8,1],[9,0],[10,3],[11,2],[12,0],[13,3],[14,0],[15,0],[16,1],[17,2]]",Tom
334,"[[8,0],[9,1],[10,0],[11,2],[12,3],[13,0],[14,1],[15,0],[16,2],[17,3]]",Tom
335,"[[8,1],[9,0],[10,0],[11,2],[12,0],[13,3],[14,1],[15,3],[16,0],[17,2]]",Tom
336,"[[8,0],[9,0],[10,0],[11,0],[12,0],[13,0],[14,0],[15,0],[16,0],[17,0]]",Tom
337,"[[8,0],[9,0],[10,0],[11,0],[12,0],[13,0],[14,0],[15,0],[16,0],[17,0]]",Tom
338,"[[8,1],[9,2],[10,3],[11,0],[12,0],[13,3],[14,1],[15,0],[16,2],[17,0]]",Tom
339,"[[8,0],[9,1],[10,0],[11,0],[12,2],[13,0],[14,3],[15,1],[16,0],[17,2]]",Tom
340,"[[8,1],[9,0],[10,2],[11,0],[12,3],[13,3],[14,1],[15,0],[16,0],[17,2]]",Tom
341,"[[8,0],[9,1],[10,0],[11,2],[12,0],[13,0],[14,1],[15,0],[16,2],[17,0]]",Tom
342,"[[8,3],[9,3],[10,0],[11,1],[12,0],[13,2],[14,0],[15,3],[16,1],[17,2]]",Tom
343,"[[8,0],[9,0],[10,0],[11,0],[12,0],[13,0],[14,0],[15,0],[16,0],[17,0]]",Tom
344,"[[8,0],[9,0],[10,0],[11,0],[12,0],[13,0],[14,0],[15,0],[16,0],[17,0]]",Tom
345,"[[8,1],[9,0],[10,2],[11,3],[12,3],[13,1],[14,0],[15,0],[16,2],[17,0]]",Tom
346,"[[8,1],[9,0],[10,0],[11,0],[12,3],[13,0],[14,0],[15,2],[16,0],[17,0]]",Tom
347,"[[8,0],[9,0],[10,1],[11,0],[12,0],[13,0],[14,3],[15,0],[16,2],[17,0]]",Tom
348,"[[8,0],[9,1],[10,0],[11,0],[12,2],[13,0],[14,1],[15,3],[16,0],[17,2]]",Tom
349,"[[8,0],[9,1],[10,0],[11,2],[12,3],[13,0],[14,0],[15,0],[16,0],[17,0]]",Tom
350,"[[8,0],[9,0],[10,0],[11,0],[12,0],[13,0],[14,0],[15,0],[16,0],[17,0]]",Tom
351,"[[8,0],[9,0],[10,0],[11,0],[12,0],[13,0],[14,0],[15,0],[16,0],[17,0]]",Tom
352,"[[8,1],[9,0],[10,2],[11,3],[12,3],[13,1],[14,0],[15,0],[16,2],[17,0]]",Tom
353,"[[8,0],[9,0],[10,3],[11,3],[12,0],[13,0],[14,1],[15,0],[16,0],[17,2]]",Tom
354,"[[8,1],[9,0],[10,0],[11,0],[12,0],[13,0],[14,0],[15,0],[16,0],[17,2]]",Tom
355,"[[8,0],[9,0],[10,1],[11,3],[12,3],[13,0],[14,2],[15,0],[16,0],[17,0]]",Tom
356,"[[8,0],[9,0],[10,3],[11,1],[12,3],[13,0],[14,2],[15,0],[16,0],[17,3]]",Tom
357,"[[8,0],[9,0],[10,0],[11,0],[12,0],[13,0],[14,0],[15,0],[16,0],[17,0]]",Tom
358,"[[8,0],[9,0],[10,0],[11,0],[12,0],[13,0],[14,0],[15,0],[16,0],[17,2]]",Tom
359,"[[8,1],[9,2],[10,0],[11,3],[12,0],[13,1],[14,0],[15,0],[16,2],[17,0]]",Tom
360,"[[8,0],[9,1],[10,2],[11,0],[12,3],[13,3],[14,1],[15,2],[16,1],[17,2]]",Tom
361,"[[8,3],[9,0],[10,1],[11,0],[12,2],[13,0],[14,3],[15,1],[16,0],[17,2]]",Tom
362,"[[8,1],[9,0],[10,3],[11,2],[12,3],[13,1],[14,0],[15,0],[16,2],[17,3]]",Tom
363,"[[8,0],[9,1],[10,0],[11,2],[12,0],[13,3],[14,0],[15,3],[16,0],[17,2]]",Tom
364,"[[8,0],[9,0],[10,0],[11,0],[12,0],[13,0],[14,0],[15,0],[16,0],[17,0]]",Tom
1,"[[8,0],[9,0],[10,0],[11,0],[12,0],[13,0],[14,0],[15,0],[16,0],[17,0]]",Lindsay
2,"[[8,1],[9,0],[10,2],[11,3],[12,3],[13,1],[14,0],[15,0],[16,2],[17,0]]",Lindsay
3,"[[8,1],[9,0],[10,0],[11,0],[12,3],[13,0],[14,0],[15,2],[16,0],[17,0]]",Lindsay
4,"[[8,0],[9,0],[10,1],[11,0],[12,0],[13,0],[14,3],[15,0],[16,2],[17,0]]",Lindsay
5,"[[8,0],[9,1],[10,0],[11,0],[12,2],[13,0],[14,1],[15,3],[16,0],[17,2]]",Lindsay
6,"[[8,0],[9,1],[10,0],[11,2],[12,3],[13,0],[14,0],[15,0],[16,0],[17,0]]",Lindsay
7,"[[8,0],[9,0],[10,0],[11,0],[12,0],[13,0],[14,0],[15,0],[16,0],[17,0]]",Lindsay
8,"[[8,0],[9,0],[10,0],[11,0],[12,0],[13,0],[14,0],[15,0],[16,0],[17,0]]",Lindsay
9,"[[8,1],[9,0],[10,2],[11,3],[12,3],[13,1],[14,0],[15,0],[16,2],[17,0]]",Lindsay
10,"[[8,0],[9,0],[10,3],[11,3],[12,0],[13,0],[14,1],[15,0],[16,0],[17,2]]",Lindsay
11,"[[8,1],[9,0],[10,0],[11,0],[12,0],[13,0],[14,0],[15,0],[16,0],[17,2]]",Lindsay
12,"[[8,0],[9,0],[10,1],[11,3],[12,3],[13,0],[14,2],[15,0],[16,0],[17,0]]",Lindsay
13,"[[8,0],[9,0],[10,3],[11,1],[12,3],[13,0],[14,2],[15,0],[16,0],[17,3]]",Lindsay
14,"[[8,0],[9,0],[10,0],[11,0],[12,0],[13,0],[14,0],[15,0],[16,0],[17,0]]",Lindsay
15,"[[8,0],[9,0],[10,0],[11,0],[12,0],[13,0],[14,0],[15,0],[16,0],[17,2]]",Lindsay
16,"[[8,1],[9,2],[10,0],[11,3],[12,0],[13,1],[14,0],[15,0],[16,2],[17,0]]",Lindsay
17,"[[8,0],[9,1],[10,2],[11,0],[12,3],[13,3],[14,1],[15,2],[16,1],[17,2]]",Lindsay
18,"[[8,3],[9,0],[10,1],[11,0],[12,2],[13,0],[14,3],[15,1],[16,0],[17,2]]",Lindsay
19,"[[8,1],[9,0],[10,3],[11,2],[12,3],[13,1],[14,0],[15,0],[16,2],[17,3]]",Lindsay
20,"[[8,0],[9,1],[10,0],[11,2],[12,0],[13,3],[14,0],[15,3],[16,0],[17,2]]",Lindsay
21,"[[8,0],[9,0],[10,0],[11,0],[12,0],[13,0],[14,0],[15,0],[16,0],[17,0]]",Lindsay
22,"[[8,0],[9,0],[10,0],[11,0],[12,0],[13,0],[14,0],[15,0],[16,0],[17,0]]",Lindsay
23,"[[8,1],[9,3],[10,0],[11,2],[12,0],[13,1],[14,2],[15,0],[16,3],[17,0]]",Lindsay
24,"[[8,0],[9,3],[10,1],[11,2],[12,0],[13,0],[14,1],[15,3],[16,0],[17,2]]",Lindsay
25,"[[8,1],[9,2],[10,0],[11,1],[12,0],[13,0],[14,3],[15,2],[16,0],[17,3]]",Lindsay
26,"[[8,0],[9,1],[10,0],[11,2],[12,0],[13,0],[14,1],[15,0],[16,2],[17,0]]",Lindsay
27,"[[8,3],[9,0],[10,1],[11,0],[12,2],[13,3],[14,1],[15,0],[16,2],[17,0]]",Lindsay
28,"[[8,0],[9,0],[10,0],[11,0],[12,0],[13,0],[14,0],[15,0],[16,0],[17,0]]",Lindsay
29,"[[8,0],[9,0],[10,0],[11,0],[12,0],[13,0],[14,0],[15,0],[16,0],[17,0]]",Lindsay
30,"[[8,1],[9,3],[10,0],[11,2],[12,0],[13,0],[14,3],[15,3],[16,3],[17,0]]",Lindsay
31,"[[8,0],[9,1],[10,0],[11,0],[12,0],[13,0],[14,2],[15,0],[16,0],[17,0]]",Lindsay
32,"[[8,3],[9,3],[10,1],[11,2],[12,0],[13,1],[14,2],[15,0],[16,0],[17,0]]",Lindsay
33,"[[8,0],[9,1],[10,0],[11,0],[12,0],[13,0],[14,0],[15,2],[16,0],[17,0]]",Lindsay
34,"[[8,0],[9,3],[10,1],[11,3],[12,0],[13,0],[14,2],[15,0],[16,3],[17,0]]",Lindsay
35,"[[8,0],[9,0],[10,0],[11,0],[12,0],[13,0],[14,0],[15,0],[16,0],[17,0]]",Lindsay
36,"[[8,0],[9,0],[10,0],[11,0],[12,0],[13,0],[14,0],[15,0],[16,0],[17,0]]",Lindsay
37,"[[8,1],[9,3],[10,3],[11,2],[12,0],[13,1],[14,0],[15,0],[16,2],[17,0]]",Lindsay
38,"[[8,0],[9,1],[10,3],[11,0],[12,2],[13,0],[14,1],[15,0],[16,0],[17,2]]",Lindsay
39,"[[8,1],[9,0],[10,3],[11,2],[12,0],[13,3],[14,0],[15,0],[16,1],[17,2]]",Lindsay
40,"[[8,0],[9,1],[10,0],[11,2],[12,3],[13,0],[14,1],[15,0],[16,2],[17,3]]",Lindsay
41,"[[8,1],[9,0],[10,0],[11,2],[12,0],[13,3],[14,1],[15,3],[16,0],[17,2]]",Lindsay
42,"[[8,0],[9,0],[10,0],[11,0],[12,0],[13,0],[14,0],[15,0],[16,0],[17,0]]",Lindsay
43,"[[8,0],[9,0],[10,0],[11,0],[12,0],[13,0],[14,0],[15,0],[16,0],[17,0]]",Lindsay
44,"[[8,1],[9,2],[10,3],[11,0],[12,0],[13,3],[14,1],[15,0],[16,2],[17,0]]",Lindsay
45,"[[8,0],[9,1],[10,0],[11,0],[12,2],[13,0],[14,3],[15,1],[16,0],[17,2]]",Lindsay
46,"[[8,1],[9,0],[10,2],[11,0],[12,3],[13,3],[14,1],[15,0],[16,0],[17,2]]",Lindsay
47,"[[8,0],[9,1],[10,0],[11,2],[12,0],[13,0],[14,1],[15,0],[16,2],[17,0]]",Lindsay
48,"[[8,3],[9,3],[10,0],[11,1],[12,0],[13,2],[14,0],[15,3],[16,1],[17,2]]",Lindsay
49,"[[8,0],[9,0],[10,0],[11,0],[12,0],[13,0],[14,0],[15,0],[16,0],[17,0]]",Lindsay
50,"[[8,0],[9,0],[10,0],[11,0],[12,0],[13,0],[14,0],[15,0],[16,0],[17,0]]",Lindsay
51,"[[8,1],[9,0],[10,2],[11,3],[12,3],[13,1],[14,0],[15,0],[16,2],[17,0]]",Lindsay
52,"[[8,1],[9,0],[10,0],[11,0],[12,3],[13,0],[14,0],[15,2],[16,0],[17,0]]",Lindsay
53,"[[8,0],[9,0],[10,1],[11,0],[12,0],[13,0],[14,3],[15,0],[16,2],[17,0]]",Lindsay
54,"[[8,0],[9,1],[10,0],[11,0],[12,2],[13,0],[14,1],[15,3],[16,0],[17,2]]",Lindsay
55,"[[8,0],[9,1],[10,0],[11,2],[12,3],[13,0],[14,0],[15,0],[16,0],[17,0]]",Lindsay
56,"[[8,0],[9,0],[10,0],[11,0],[12,0],[13,0],[14,0],[15,0],[16,0],[17,0]]",Lindsay
57,"[[8,0],[9,0],[10,0],[11,0],[12,0],[13,0],[14,0],[15,0],[16,0],[17,0]]",Lindsay
58,"[[8,1],[9,0],[10,2],[11,3],[12,3],[13,1],[14,0],[15,0],[16,2],[17,0]]",Lindsay
59,"[[8,0],[9,0],[10,3],[11,3],[12,0],[13,0],[14,1],[15,0],[16,0],[17,2]]",Lindsay
60,"[[8,1],[9,0],[10,0],[11,0],[12,0],[13,0],[14,0],[15,0],[16,0],[17,2]]",Lindsay
61,"[[8,0],[9,0],[10,1],[11,3],[12,3],[13,0],[14,2],[15,0],[16,0],[17,0]]",Lindsay
62,"[[8,0],[9,0],[10,3],[11,1],[12,3],[13,0],[14,2],[15,0],[16,0],[17,3]]",Lindsay
63,"[[8,0],[9,0],[10,0],[11,0],[12,0],[13,0],[14,0],[15,0],[16,0],[17,0]]",Lindsay
64,"[[8,0],[9,0],[10,0],[11,0],[12,0],[13,0],[14,0],[15,0],[16,0],[17,2]]",Lindsay
65,"[[8,1],[9,2],[10,0],[11,3],[12,0],[13,1],[14,0],[15,0],[16,2],[17,0]]",Lindsay
66,"[[8,0],[9,1],[10,2],[11,0],[12,3],[13,3],[14,1],[15,2],[16,1],[17,2]]",Lindsay
67,"[[8,3],[9,0],[10,1],[11,0],[12,2],[13,0],[14,3],[15,1],[16,0],[17,2]]",Lindsay
68,"[[8,1],[9,0],[10,3],[11,2],[12,3],[13,1],[14,0],[15,0],[16,2],[17,3]]",Lindsay
69,"[[8,0],[9,1],[10,0],[11,2],[12,0],[13,3],[14,0],[15,3],[16,0],[17,2]]",Lindsay
70,"[[8,0],[9,0],[10,0],[11,0],[12,0],[13,0],[14,0],[15,0],[16,0],[17,0]]",Lindsay
71,"[[8,0],[9,0],[10,0],[11,0],[12,0],[13,0],[14,0],[15,0],[16,0],[17,0]]",Lindsay
72,"[[8,1],[9,3],[10,0],[11,2],[12,0],[13,1],[14,2],[15,0],[16,3],[17,0]]",Lindsay
73,"[[8,0],[9,3],[10,1],[11,2],[12,0],[13,0],[14,1],[15,3],[16,0],[17,2]]",Lindsay
74,"[[8,1],[9,2],[10,0],[11,1],[12,0],[13,0],[14,3],[15,2],[16,0],[17,3]]",Lindsay
75,"[[8,0],[9,1],[10,0],[11,2],[12,0],[13,0],[14,1],[15,0],[16,2],[17,0]]",Lindsay
76,"[[8,3],[9,0],[10,1],[11,0],[12,2],[13,3],[14,1],[15,0],[16,2],[17,0]]",Lindsay
77,"[[8,0],[9,0],[10,0],[11,0],[12,0],[13,0],[14,0],[15,0],[16,0],[17,0]]",Lindsay
78,"[[8,0],[9,0],[10,0],[11,0],[12,0],[13,0],[14,0],[15,0],[16,0],[17,0]]",Lindsay
79,"[[8,1],[9,3],[10,0],[11,2],[12,0],[13,0],[14,3],[15,3],[16,3],[17,0]]",Lindsay
80,"[[8,0],[9,1],[10,0],[11,0],[12,0],[13,0],[14,2],[15,0],[16,0],[17,0]]",Lindsay
81,"[[8,3],[9,3],[10,1],[11,2],[12,0],[13,1],[14,2],[15,0],[16,0],[17,0]]",Lindsay
82,"[[8,0],[9,1],[10,0],[11,0],[12,0],[13,0],[14,0],[15,2],[16,0],[17,0]]",Lindsay
83,"[[8,0],[9,3],[10,1],[11,3],[12,0],[13,0],[14,2],[15,0],[16,3],[17,0]]",Lindsay
84,"[[8,0],[9,0],[10,0],[11,0],[12,0],[13,0],[14,0],[15,0],[16,0],[17,0]]",Lindsay
85,"[[8,0],[9,0],[10,0],[11,0],[12,0],[13,0],[14,0],[15,0],[16,0],[17,0]]",Lindsay
86,"[[8,1],[9,3],[10,3],[11,2],[12,0],[13,1],[14,0],[15,0],[16,2],[17,0]]",Lindsay
87,"[[8,0],[9,1],[10,3],[11,0],[12,2],[13,0],[14,1],[15,0],[16,0],[17,2]]",Lindsay
88,"[[8,1],[9,0],[10,3],[11,2],[12,0],[13,3],[14,0],[15,0],[16,1],[17,2]]",Lindsay
89,"[[8,0],[9,1],[10,0],[11,2],[12,3],[13,0],[14,1],[15,0],[16,2],[17,3]]",Lindsay
90,"[[8,1],[9,0],[10,0],[11,2],[12,0],[13,3],[14,1],[15,3],[16,0],[17,2]]",Lindsay
91,"[[8,0],[9,0],[10,0],[11,0],[12,0],[13,0],[14,0],[15,0],[16,0],[17,0]]",Lindsay
92,"[[8,0],[9,0],[10,0],[11,0],[12,0],[13,0],[14,0],[15,0],[16,0],[17,0]]",Lindsay
93,"[[8,1],[9,2],[10,3],[11,0],[12,0],[13,3],[14,1],[15,0],[16,2],[17,0]]",Lindsay
94,"[[8,0],[9,1],[10,0],[11,0],[12,2],[13,0],[14,3],[15,1],[16,0],[17,2]]",Lindsay
95,"[[8,1],[9,0],[10,2],[11,0],[12,3],[13,3],[14,1],[15,0],[16,0],[17,2]]",Lindsay
96,"[[8,0],[9,1],[10,0],[11,2],[12,0],[13,0],[14,1],[15,0],[16,2],[17,0]]",Lindsay
97,"[[8,3],[9,3],[10,0],[11,1],[12,0],[13,2],[14,0],[15,3],[16,1],[17,2]]",Lindsay
98,"[[8,0],[9,0],[10,0],[11,0],[12,0],[13,0],[14,0],[15,0],[16,0],[17,0]]",Lindsay
99,"[[8,0],[9,0],[10,0],[11,0],[12,0],[13,0],[14,0],[15,0],[16,0],[17,0]]",Lindsay
100,"[[8,1],[9,0],[10,2],[11,3],[12,3],[13,1],[14,0],[15,0],[16,2],[17,0]]",Lindsay
101,"[[8,1],[9,0],[10,0],[11,0],[12,3],[13,0],[14,0],[15,2],[16,0],[17,0]]",Lindsay
102,"[[8,0],[9,0],[10,1],[11,0],[12,0],[13,0],[14,3],[15,0],[16,2],[17,0]]",Lindsay
103,"[[8,0],[9,1],[10,0],[11,0],[12,2],[13,0],[14,1],[15,3],[16,0],[17,2]]",Lindsay
104,"[[8,0],[9,1],[10,0],[11,2],[12,3],[13,0],[14,0],[15,0],[16,0],[17,0]]",Lindsay
105,"[[8,0],[9,0],[10,0],[11,0],[12,0],[13,0],[14,0],[15,0],[16,0],[17,0]]",Lindsay
106,"[[8,0],[9,0],[10,0],[11,0],[12,0],[13,0],[14,0],[15,0],[16,0],[17,0]]",Lindsay
107,"[[8,1],[9,0],[10,2],[11,3],[12,3],[13,1],[14,0],[15,0],[16,2],[17,0]]",Lindsay
108,"[[8,0],[9,0],[10,3],[11,3],[12,0],[13,0],[14,1],[15,0],[16,0],[17,2]]",Lindsay
109,"[[8,1],[9,0],[10,0],[11,0],[12,0],[13,0],[14,0],[15,0],[16,0],[17,2]]",Lindsay
110,"[[8,0],[9,0],[10,1],[11,3],[12,3],[13,0],[14,2],[15,0],[16,0],[17,0]]",Lindsay
111,"[[8,0],[9,0],[10,3],[11,1],[12,3],[13,0],[14,2],[15,0],[16,0],[17,3]]",Lindsay
112,"[[8,0],[9,0],[10,0],[11,0],[12,0],[13,0],[14,0],[15,0],[16,0],[17,0]]",Lindsay
113,"[[8,0],[9,0],[10,0],[11,0],[12,0],[13,0],[14,0],[15,0],[16,0],[17,2]]",Lindsay
114,"[[8,1],[9,2],[10,0],[11,3],[12,0],[13,1],[14,0],[15,0],[16,2],[17,0]]",Lindsay
115,"[[8,0],[9,1],[10,2],[11,0],[12,3],[13,3],[14,1],[15,2],[16,1],[17,2]]",Lindsay
116,"[[8,3],[9,0],[10,1],[11,0],[12,2],[13,0],[14,3],[15,1],[16,0],[17,2]]",Lindsay
117,"[[8,1],[9,0],[10,3],[11,2],[12,3],[13,1],[14,0],[15,0],[16,2],[17,3]]",Lindsay
118,"[[8,0],[9,1],[10,0],[11,2],[12,0],[13,3],[14,0],[15,3],[16,0],[17,2]]",Lindsay
119,"[[8,0],[9,0],[10,0],[11,0],[12,0],[13,0],[14,0],[15,0],[16,0],[17,0]]",Lindsay
120,"[[8,0],[9,0],[10,0],[11,0],[12,0],[13,0],[14,0],[15,0],[16,0],[17,0]]",Lindsay
121,"[[8,1],[9,3],[10,0],[11,2],[12,0],[13,1],[14,2],[15,0],[16,3],[17,0]]",Lindsay
122,"[[8,0],[9,3],[10,1],[11,2],[12,0],[13,0],[14,1],[15,3],[16,0],[17,2]]",Lindsay
123,"[[8,1],[9,2],[10,0],[11,1],[12,0],[13,0],[14,3],[15,2],[16,0],[17,3]]",Lindsay
124,"[[8,0],[9,1],[10,0],[11,2],[12,0],[13,0],[14,1],[15,0],[16,2],[17,0]]",Lindsay
125,"[[8,3],[9,0],[10,1],[11,0],[12,2],[13,3],[14,1],[15,0],[16,2],[17,0]]",Lindsay
126,"[[8,0],[9,0],[10,0],[11,0],[12,0],[13,0],[14,0],[15,0],[16,0],[17,0]]",Lindsay
127,"[[8,0],[9,0],[10,0],[11,0],[12,0],[13,0],[14,0],[15,0],[16,0],[17,0]]",Lindsay
128,"[[8,1],[9,3],[10,0],[11,2],[12,0],[13,0],[14,3],[15,3],[16,3],[17,0]]",Lindsay
129,"[[8,0],[9,1],[10,0],[11,0],[12,0],[13,0],[14,2],[15,0],[16,0],[17,0]]",Lindsay
130,"[[8,3],[9,3],[10,1],[11,2],[12,0],[13,1],[14,2],[15,0],[16,0],[17,0]]",Lindsay
131,"[[8,0],[9,1],[10,0],[11,0],[12,0],[13,0],[14,0],[15,2],[16,0],[17,0]]",Lindsay
132,"[[8,0],[9,3],[10,1],[11,3],[12,0],[13,0],[14,2],[15,0],[16,3],[17,0]]",Lindsay
133,"[[8,0],[9,0],[10,0],[11,0],[12,0],[13,0],[14,0],[15,0],[16,0],[17,0]]",Lindsay
134,"[[8,0],[9,0],[10,0],[11,0],[12,0],[13,0],[14,0],[15,0],[16,0],[17,0]]",Lindsay
135,"[[8,1],[9,3],[10,3],[11,2],[12,0],[13,1],[14,0],[15,0],[16,2],[17,0]]",Lindsay
136,"[[8,0],[9,1],[10,3],[11,0],[12,2],[13,0],[14,1],[15,0],[16,0],[17,2]]",Lindsay
137,"[[8,1],[9,0],[10,3],[11,2],[12,0],[13,3],[14,0],[15,0],[16,1],[17,2]]",Lindsay
138,"[[8,0],[9,1],[10,0],[11,2],[12,3],[13,0],[14,1],[15,0],[16,2],[17,3]]",Lindsay
139,"[[8,1],[9,0],[10,0],[11,2],[12,0],[13,3],[14,1],[15,3],[16,0],[17,2]]",Lindsay
140,"[[8,0],[9,0],[10,0],[11,0],[12,0],[13,0],[14,0],[15,0],[16,0],[17,0]]",Lindsay
141,"[[8,0],[9,0],[10,0],[11,0],[12,0],[13,0],[14,0],[15,0],[16,0],[17,0]]",Lindsay
142,"[[8,1],[9,2],[10,3],[11,0],[12,0],[13,3],[14,1],[15,0],[16,2],[17,0]]",Lindsay
143,"[[8,0],[9,1],[10,0],[11,0],[12,2],[13,0],[14,3],[15,1],[16,0],[17,2]]",Lindsay
144,"[[8,1],[9,0],[10,2],[11,0],[12,3],[13,3],[14,1],[15,0],[16,0],[17,2]]",Lindsay
145,"[[8,0],[9,1],[10,0],[11,2],[12,0],[13,0],[14,1],[15,0],[16,2],[17,0]]",Lindsay
146,"[[8,3],[9,3],[10,0],[11,1],[12,0],[13,2],[14,0],[15,3],[16,1],[17,2]]",Lindsay
147,"[[8,0],[9,0],[10,0],[11,0],[12,0],[13,0],[14,0],[15,0],[16,0],[17,0]]",Lindsay
148,"[[8,0],[9,0],[10,0],[11,0],[12,0],[13,0],[14,0],[15,0],[16,0],[17,0]]",Lindsay
149,"[[8,1],[9,0],[10,2],[11,3],[12,3],[13,1],[14,0],[15,0],[16,2],[17,0]]",Lindsay
150,"[[8,1],[9,0],[10,0],[11,0],[12,3],[13,0],[14,0],[15,2],[16,0],[17,0]]",Lindsay
151,"[[8,0],[9,0],[10,1],[11,0],[12,0],[13,0],[14,3],[15,0],[16,2],[17,0]]",Lindsay
152,"[[8,0],[9,1],[10,0],[11,0],[12,2],[13,0],[14,1],[15,3],[16,0],[17,2]]",Lindsay
153,"[[8,0],[9,1],[10,0],[11,2],[12,3],[13,0],[14,0],[15,0],[16,0],[17,0]]",Lindsay
154,"[[8,0],[9,0],[10,0],[11,0],[12,0],[13,0],[14,0],[15,0],[16,0],[17,0]]",Lindsay
155,"[[8,0],[9,0],[10,0],[11,0],[12,0],[13,0],[14,0],[15,0],[16,0],[17,0]]",Lindsay
156,"[[8,1],[9,0],[10,2],[11,3],[12,3],[13,1],[14,0],[15,0],[16,2],[17,0]]",Lindsay
157,"[[8,0],[9,0],[10,3],[11,3],[12,0],[13,0],[14,1],[15,0],[16,0],[17,2]]",Lindsay
158,"[[8,1],[9,0],[10,0],[11,0],[12,0],[13,0],[14,0],[15,0],[16,0],[17,2]]",Lindsay
159,"[[8,0],[9,0],[10,1],[11,3],[12,3],[13,0],[14,2],[15,0],[16,0],[17,0]]",Lindsay
160,"[[8,0],[9,0],[10,3],[11,1],[12,3],[13,0],[14,2],[15,0],[16,0],[17,3]]",Lindsay
161,"[[8,0],[9,0],[10,0],[11,0],[12,0],[13,0],[14,0],[15,0],[16,0],[17,0]]",Lindsay
162,"[[8,0],[9,0],[10,0],[11,0],[12,0],[13,0],[14,0],[15,0],[16,0],[17,2]]",Lindsay
163,"[[8,1],[9,2],[10,0],[11,3],[12,0],[13,1],[14,0],[15,0],[16,2],[17,0]]",Lindsay
164,"[[8,0],[9,1],[10,2],[11,0],[12,3],[13,3],[14,1],[15,2],[16,1],[17,2]]",Lindsay
165,"[[8,3],[9,0],[10,1],[11,0],[12,2],[13,0],[14,3],[15,1],[16,0],[17,2]]",Lindsay
166,"[[8,1],[9,0],[10,3],[11,2],[12,3],[13,1],[14,0],[15,0],[16,2],[17,3]]",Lindsay
167,"[[8,0],[9,1],[10,0],[11,2],[12,0],[13,3],[14,0],[15,3],[16,0],[17,2]]",Lindsay
168,"[[8,0],[9,0],[10,0],[11,0],[12,0],[13,0],[14,0],[15,0],[16,0],[17,0]]",Lindsay
169,"[[8,0],[9,0],[10,0],[11,0],[12,0],[13,0],[14,0],[15,0],[16,0],[17,0]]",Lindsay
170,"[[8,1],[9,3],[10,0],[11,2],[12,0],[13,1],[14,2],[15,0],[16,3],[17,0]]",Lindsay
171,"[[8,0],[9,3],[10,1],[11,2],[12,0],[13,0],[14,1],[15,3],[16,0],[17,2]]",Lindsay
172,"[[8,1],[9,2],[10,0],[11,1],[12,0],[13,0],[14,3],[15,2],[16,0],[17,3]]",Lindsay
173,"[[8,0],[9,1],[10,0],[11,2],[12,0],[13,0],[14,1],[15,0],[16,2],[17,0]]",Lindsay
174,"[[8,3],[9,0],[10,1],[11,0],[12,2],[13,3],[14,1],[15,0],[16,2],[17,0]]",Lindsay
175,"[[8,0],[9,0],[10,0],[11,0],[12,0],[13,0],[14,0],[15,0],[16,0],[17,0]]",Lindsay
176,"[[8,0],[9,0],[10,0],[11,0],[12,0],[13,0],[14,0],[15,0],[16,0],[17,0]]",Lindsay
177,"[[8,1],[9,3],[10,0],[11,2],[12,0],[13,0],[14,3],[15,3],[16,3],[17,0]]",Lindsay
178,"[[8,0],[9,1],[10,0],[11,0],[12,0],[13,0],[14,2],[15,0],[16,0],[17,0]]",Lindsay
179,"[[8,3],[9,3],[10,1],[11,2],[12,0],[13,1],[14,2],[15,0],[16,0],[17,0]]",Lindsay
180,"[[8,0],[9,1],[10,0],[11,0],[12,0],[13,0],[14,0],[15,2],[16,0],[17,0]]",Lindsay
181,"[[8,0],[9,3],[10,1],[11,3],[12,0],[13,0],[14,2],[15,0],[16,3],[17,0]]",Lindsay
182,"[[8,0],[9,0],[10,0],[11,0],[12,0],[13,0],[14,0],[15,0],[16,0],[17,0]]",Lindsay
183,"[[8,0],[9,0],[10,0],[11,0],[12,0],[13,0],[14,0],[15,0],[16,0],[17,0]]",Lindsay
184,"[[8,1],[9,3],[10,3],[11,2],[12,0],[13,1],[14,0],[15,0],[16,2],[17,0]]",Lindsay
185,"[[8,0],[9,1],[10,3],[11,0],[12,2],[13,0],[14,1],[15,0],[16,0],[17,2]]",Lindsay
186,"[[8,1],[9,0],[10,3],[11,2],[12,0],[13,3],[14,0],[15,0],[16,1],[17,2]]",Lindsay
187,"[[8,0],[9,1],[10,0],[11,2],[12,3],[13,0],[14,1],[15,0],[16,2],[17,3]]",Lindsay
188,"[[8,1],[9,0],[10,0],[11,2],[12,0],[13,3],[14,1],[15,3],[16,0],[17,2]]",Lindsay
189,"[[8,0],[9,0],[10,0],[11,0],[12,0],[13,0],[14,0],[15,0],[16,0],[17,0]]",Lindsay
190,"[[8,0],[9,0],[10,0],[11,0],[12,0],[13,0],[14,0],[15,0],[16,0],[17,0]]",Lindsay
191,"[[8,1],[9,2],[10,3],[11,0],[12,0],[13,3],[14,1],[15,0],[16,2],[17,0]]",Lindsay
192,"[[8,0],[9,1],[10,0],[11,0],[12,2],[13,0],[14,3],[15,1],[16,0],[17,2]]",Lindsay
193,"[[8,1],[9,0],[10,2],[11,0],[12,3],[13,3],[14,1],[15,0],[16,0],[17,2]]",Lindsay
194,"[[8,0],[9,1],[10,0],[11,2],[12,0],[13,0],[14,1],[15,0],[16,2],[17,0]]",Lindsay
195,"[[8,3],[9,3],[10,0],[11,1],[12,0],[13,2],[14,0],[15,3],[16,1],[17,2]]",Lindsay
196,"[[8,0],[9,0],[10,0],[11,0],[12,0],[13,0],[14,0],[15,0],[16,0],[17,0]]",Lindsay
197,"[[8,0],[9,0],[10,0],[11,0],[12,0],[13,0],[14,0],[15,0],[16,0],[17,0]]",Lindsay
198,"[[8,1],[9,0],[10,2],[11,3],[12,3],[13,1],[14,0],[15,0],[16,2],[17,0]]",Lindsay
199,"[[8,1],[9,0],[10,0],[11,0],[12,3],[13,0],[14,0],[15,2],[16,0],[17,0]]",Lindsay
200,"[[8,0],[9,0],[10,1],[11,0],[12,0],[13,0],[14,3],[15,0],[16,2],[17,0]]",Lindsay
201,"[[8,0],[9,1],[10,0],[11,0],[12,2],[13,0],[14,1],[15,3],[16,0],[17,2]]",Lindsay
202,"[[8,0],[9,1],[10,0],[11,2],[12,3],[13,0],[14,0],[15,0],[16,0],[17,0]]",Lindsay
203,"[[8,0],[9,0],[10,0],[11,0],[12,0],[13,0],[14,0],[15,0],[16,0],[17,0]]",Lindsay
204,"[[8,0],[9,0],[10,0],[11,0],[12,0],[13,0],[14,0],[15,0],[16,0],[17,0]]",Lindsay
205,"[[8,1],[9,0],[10,2],[11,3],[12,3],[13,1],[14,0],[15,0],[16,2],[17,0]]",Lindsay
206,"[[8,0],[9,0],[10,3],[11,3],[12,0],[13,0],[14,1],[15,0],[16,0],[17,2]]",Lindsay
207,"[[8,1],[9,0],[10,0],[11,0],[12,0],[13,0],[14,0],[15,0],[16,0],[17,2]]",Lindsay
208,"[[8,0],[9,0],[10,1],[11,3],[12,3],[13,0],[14,2],[15,0],[16,0],[17,0]]",Lindsay
209,"[[8,0],[9,0],[10,3],[11,1],[12,3],[13,0],[14,2],[15,0],[16,0],[17,3]]",Lindsay
210,"[[8,0],[9,0],[10,0],[11,0],[12,0],[13,0],[14,0],[15,0],[16,0],[17,0]]",Lindsay
211,"[[8,0],[9,0],[10,0],[11,0],[12,0],[13,0],[14,0],[15,0],[16,0],[17,2]]",Lindsay
212,"[[8,1],[9,2],[10,0],[11,3],[12,0],[13,1],[14,0],[15,0],[16,2],[17,0]]",Lindsay
213,"[[8,0],[9,1],[10,2],[11,0],[12,3],[13,3],[14,1],[15,2],[16,1],[17,2]]",Lindsay
214,"[[8,3],[9,0],[10,1],[11,0],[12,2],[13,0],[14,3],[15,1],[16,0],[17,2]]",Lindsay
215,"[[8,1],[9,0],[10,3],[11,2],[12,3],[13,1],[14,0],[15,0],[16,2],[17,3]]",Lindsay
216,"[[8,0],[9,1],[10,0],[11,2],[12,0],[13,3],[14,0],[15,3],[16,0],[17,2]]",Lindsay
217,"[[8,0],[9,0],[10,0],[11,0],[12,0],[13,0],[14,0],[15,0],[16,0],[17,0]]",Lindsay
218,"[[8,0],[9,0],[10,0],[11,0],[12,0],[13,0],[14,0],[15,0],[16,0],[17,0]]",Lindsay
219,"[[8,1],[9,3],[10,0],[11,2],[12,0],[13,1],[14,2],[15,0],[16,3],[17,0]]",Lindsay
220,"[[8,0],[9,3],[10,1],[11,2],[12,0],[13,0],[14,1],[15,3],[16,0],[17,2]]",Lindsay
221,"[[8,1],[9,2],[10,0],[11,1],[12,0],[13,0],[14,3],[15,2],[16,0],[17,3]]",Lindsay
222,"[[8,0],[9,1],[10,0],[11,2],[12,0],[13,0],[14,1],[15,0],[16,2],[17,0]]",Lindsay
223,"[[8,3],[9,0],[10,1],[11,0],[12,2],[13,3],[14,1],[15,0],[16,2],[17,0]]",Lindsay
224,"[[8,0],[9,0],[10,0],[11,0],[12,0],[13,0],[14,0],[15,0],[16,0],[17,0]]",Lindsay
225,"[[8,0],[9,0],[10,0],[11,0],[12,0],[13,0],[14,0],[15,0],[16,0],[17,0]]",Lindsay
226,"[[8,1],[9,3],[10,0],[11,2],[12,0],[13,0],[14,3],[15,3],[16,3],[17,0]]",Lindsay
227,"[[8,0],[9,1],[10,0],[11,0],[12,0],[13,0],[14,2],[15,0],[16,0],[17,0]]",Lindsay
228,"[[8,3],[9,3],[10,1],[11,2],[12,0],[13,1],[14,2],[15,0],[16,0],[17,0]]",Lindsay
229,"[[8,0],[9,1],[10,0],[11,0],[12,0],[13,0],[14,0],[15,2],[16,0],[17,0]]",Lindsay
230,"[[8,0],[9,3],[10,1],[11,3],[12,0],[13,0],[14,2],[15,0],[16,3],[17,0]]",Lindsay
231,"[[8,0],[9,0],[10,0],[11,0],[12,0],[13,0],[14,0],[15,0],[16,0],[17,0]]",Lindsay
232,"[[8,0],[9,0],[10,0],[11,0],[12,0],[13,0],[14,0],[15,0],[16,0],[17,0]]",Lindsay
233,"[[8,1],[9,3],[10,3],[11,2],[12,0],[13,1],[14,0],[15,0],[16,2],[17,0]]",Lindsay
234,"[[8,0],[9,1],[10,3],[11,0],[12,2],[13,0],[14,1],[15,0],[16,0],[17,2]]",Lindsay
235,"[[8,1],[9,0],[10,3],[11,2],[12,0],[13,3],[14,0],[15,0],[16,1],[17,2]]",Lindsay
236,"[[8,0],[9,1],[10,0],[11,2],[12,3],[13,0],[14,1],[15,0],[16,2],[17,3]]",Lindsay
237,"[[8,1],[9,0],[10,0],[11,2],[12,0],[13,3],[14,1],[15,3],[16,0],[17,2]]",Lindsay
238,"[[8,0],[9,0],[10,0],[11,0],[12,0],[13,0],[14,0],[15,0],[16,0],[17,0]]",Lindsay
239,"[[8,0],[9,0],[10,0],[11,0],[12,0],[13,0],[14,0],[15,0],[16,0],[17,0]]",Lindsay
240,"[[8,1],[9,2],[10,3],[11,0],[12,0],[13,3],[14,1],[15,0],[16,2],[17,0]]",Lindsay
241,"[[8,0],[9,1],[10,0],[11,0],[12,2],[13,0],[14,3],[15,1],[16,0],[17,2]]",Lindsay
242,"[[8,1],[9,0],[10,2],[11,0],[12,3],[13,3],[14,1],[15,0],[16,0],[17,2]]",Lindsay
243,"[[8,0],[9,1],[10,0],[11,2],[12,0],[13,0],[14,1],[15,0],[16,2],[17,0]]",Lindsay
244,"[[8,3],[9,3],[10,0],[11,1],[12,0],[13,2],[14,0],[15,3],[16,1],[17,2]]",Lindsay
245,"[[8,0],[9,0],[10,0],[11,0],[12,0],[13,0],[14,0],[15,0],[16,0],[17,0]]",Lindsay
246,"[[8,0],[9,0],[10,0],[11,0],[12,0],[13,0],[14,0],[15,0],[16,0],[17,0]]",Lindsay
247,"[[8,1],[9,0],[10,2],[11,3],[12,3],[13,1],[14,0],[15,0],[16,2],[17,0]]",Lindsay
248,"[[8,1],[9,0],[10,0],[11,0],[12,3],[13,0],[14,0],[15,2],[16,0],[17,0]]",Lindsay
249,"[[8,0],[9,0],[10,1],[11,0],[12,0],[13,0],[14,3],[15,0],[16,2],[17,0]]",Lindsay
250,"[[8,0],[9,1],[10,0],[11,0],[12,2],[13,0],[14,1],[15,3],[16,0],[17,2]]",Lindsay
251,"[[8,0],[9,1],[10,0],[11,2],[12,3],[13,0],[14,0],[15,0],[16,0],[17,0]]",Lindsay
252,"[[8,0],[9,0],[10,0],[11,0],[12,0],[13,0],[14,0],[15,0],[16,0],[17,0]]",Lindsay
253,"[[8,0],[9,0],[10,0],[11,0],[12,0],[13,0],[14,0],[15,0],[16,0],[17,0]]",Lindsay
254,"[[8,1],[9,0],[10,2],[11,3],[12,3],[13,1],[14,0],[15,0],[16,2],[17,0]]",Lindsay
255,"[[8,0],[9,0],[10,3],[11,3],[12,0],[13,0],[14,1],[15,0],[16,0],[17,2]]",Lindsay
256,"[[8,1],[9,0],[10,0],[11,0],[12,0],[13,0],[14,0],[15,0],[16,0],[17,2]]",Lindsay
257,"[[8,0],[9,0],[10,1],[11,3],[12,3],[13,0],[14,2],[15,0],[16,0],[17,0]]",Lindsay
258,"[[8,0],[9,0],[10,3],[11,1],[12,3],[13,0],[14,2],[15,0],[16,0],[17,3]]",Lindsay
259,"[[8,0],[9,0],[10,0],[11,0],[12,0],[13,0],[14,0],[15,0],[16,0],[17,0]]",Lindsay
260,"[[8,0],[9,0],[10,0],[11,0],[12,0],[13,0],[14,0],[15,0],[16,0],[17,2]]",Lindsay
261,"[[8,1],[9,2],[10,0],[11,3],[12,0],[13,1],[14,0],[15,0],[16,2],[17,0]]",Lindsay
262,"[[8,0],[9,1],[10,2],[11,0],[12,3],[13,3],[14,1],[15,2],[16,1],[17,2]]",Lindsay
263,"[[8,3],[9,0],[10,1],[11,0],[12,2],[13,0],[14,3],[15,1],[16,0],[17,2]]",Lindsay
264,"[[8,1],[9,0],[10,3],[11,2],[12,3],[13,1],[14,0],[15,0],[16,2],[17,3]]",Lindsay
265,"[[8,0],[9,1],[10,0],[11,2],[12,0],[13,3],[14,0],[15,3],[16,0],[17,2]]",Lindsay
266,"[[8,0],[9,0],[10,0],[11,0],[12,0],[13,0],[14,0],[15,0],[16,0],[17,0]]",Lindsay
267,"[[8,0],[9,0],[10,0],[11,0],[12,0],[13,0],[14,0],[15,0],[16,0],[17,0]]",Lindsay
268,"[[8,1],[9,3],[10,0],[11,2],[12,0],[13,1],[14,2],[15,0],[16,3],[17,0]]",Lindsay
269,"[[8,0],[9,3],[10,1],[11,2],[12,0],[13,0],[14,1],[15,3],[16,0],[17,2]]",Lindsay
270,"[[8,1],[9,2],[10,0],[11,1],[12,0],[13,0],[14,3],[15,2],[16,0],[17,3]]",Lindsay
271,"[[8,0],[9,1],[10,0],[11,2],[12,0],[13,0],[14,1],[15,0],[16,2],[17,0]]",Lindsay
272,"[[8,3],[9,0],[10,1],[11,0],[12,2],[13,3],[14,1],[15,0],[16,2],[17,0]]",Lindsay
273,"[[8,0],[9,0],[10,0],[11,0],[12,0],[13,0],[14,0],[15,0],[16,0],[17,0]]",Lindsay
274,"[[8,0],[9,0],[10,0],[11,0],[12,0],[13,0],[14,0],[15,0],[16,0],[17,0]]",Lindsay
275,"[[8,1],[9,3],[10,0],[11,2],[12,0],[13,0],[14,3],[15,3],[16,3],[17,0]]",Lindsay
276,"[[8,0],[9,1],[10,0],[11,0],[12,0],[13,0],[14,2],[15,0],[16,0],[17,0]]",Lindsay
277,"[[8,3],[9,3],[10,1],[11,2],[12,0],[13,1],[14,2],[15,0],[16,0],[17,0]]",Lindsay
278,"[[8,0],[9,1],[10,0],[11,0],[12,0],[13,0],[14,0],[15,2],[16,0],[17,0]]",Lindsay
279,"[[8,0],[9,3],[10,1],[11,3],[12,0],[13,0],[14,2],[15,0],[16,3],[17,0]]",Lindsay
280,"[[8,0],[9,0],[10,0],[11,0],[12,0],[13,0],[14,0],[15,0],[16,0],[17,0]]",Lindsay
281,"[[8,0],[9,0],[10,0],[11,0],[12,0],[13,0],[14,0],[15,0],[16,0],[17,0]]",Lindsay
282,"[[8,1],[9,3],[10,3],[11,2],[12,0],[13,1],[14,0],[15,0],[16,2],[17,0]]",Lindsay
283,"[[8,0],[9,1],[10,3],[11,0],[12,2],[13,0],[14,1],[15,0],[16,0],[17,2]]",Lindsay
284,"[[8,1],[9,0],[10,3],[11,2],[12,0],[13,3],[14,0],[15,0],[16,1],[17,2]]",Lindsay
285,"[[8,0],[9,1],[10,0],[11,2],[12,3],[13,0],[14,1],[15,0],[16,2],[17,3]]",Lindsay
286,"[[8,1],[9,0],[10,0],[11,2],[12,0],[13,3],[14,1],[15,3],[16,0],[17,2]]",Lindsay
287,"[[8,0],[9,0],[10,0],[11,0],[12,0],[13,0],[14,0],[15,0],[16,0],[17,0]]",Lindsay
288,"[[8,0],[9,0],[10,0],[11,0],[12,0],[13,0],[14,0],[15,0],[16,0],[17,0]]",Lindsay
289,"[[8,1],[9,2],[10,3],[11,0],[12,0],[13,3],[14,1],[15,0],[16,2],[17,0]]",Lindsay
290,"[[8,0],[9,1],[10,0],[11,0],[12,2],[13,0],[14,3],[15,1],[16,0],[17,2]]",Lindsay
291,"[[8,1],[9,0],[10,2],[11,0],[12,3],[13,3],[14,1],[15,0],[16,0],[17,2]]",Lindsay
292,"[[8,0],[9,1],[10,0],[11,2],[12,0],[13,0],[14,1],[15,0],[16,2],[17,0]]",Lindsay
293,"[[8,3],[9,3],[10,0],[11,1],[12,0],[13,2],[14,0],[15,3],[16,1],[17,2]]",Lindsay
294,"[[8,0],[9,0],[10,0],[11,0],[12,0],[13,0],[14,0],[15,0],[16,0],[17,0]]",Lindsay
295,"[[8,0],[9,0],[10,0],[11,0],[12,0],[13,0],[14,0],[15,0],[16,0],[17,0]]",Lindsay
296,"[[8,1],[9,0],[10,2],[11,3],[12,3],[13,1],[14,0],[15,0],[16,2],[17,0]]",Lindsay
297,"[[8,1],[9,0],[10,0],[11,0],[12,3],[13,0],[14,0],[15,2],[16,0],[17,0]]",Lindsay
298,"[[8,0],[9,0],[10,1],[11,0],[12,0],[13,0],[14,3],[15,0],[16,2],[17,0]]",Lindsay
299,"[[8,0],[9,1],[10,0],[11,0],[12,2],[13,0],[14,1],[15,3],[16,0],[17,2]]",Lindsay
300,"[[8,0],[9,1],[10,0],[11,2],[12,3],[13,0],[14,0],[15,0],[16,0],[17,0]]",Lindsay
301,"[[8,0],[9,0],[10,0],[11,0],[12,0],[13,0],[14,0],[15,0],[16,0],[17,0]]",Lindsay
302,"[[8,0],[9,0],[10,0],[11,0],[12,0],[13,0],[14,0],[15,0],[16,0],[17,0]]",Lindsay
303,"[[8,1],[9,0],[10,2],[11,3],[12,3],[13,1],[14,0],[15,0],[16,2],[17,0]]",Lindsay
304,"[[8,0],[9,0],[10,3],[11,3],[12,0],[13,0],[14,1],[15,0],[16,0],[17,2]]",Lindsay
305,"[[8,1],[9,0],[10,0],[11,0],[12,0],[13,0],[14,0],[15,0],[16,0],[17,2]]",Lindsay
306,"[[8,0],[9,0],[10,1],[11,3],[12,3],[13,0],[14,2],[15,0],[16,0],[17,0]]",Lindsay
307,"[[8,0],[9,0],[10,3],[11,1],[12,3],[13,0],[14,2],[15,0],[16,0],[17,3]]",Lindsay
308,"[[8,0],[9,0],[10,0],[11,0],[12,0],[13,0],[14,0],[15,0],[16,0],[17,0]]",Lindsay
309,"[[8,0],[9,0],[10,0],[11,0],[12,0],[13,0],[14,0],[15,0],[16,0],[17,2]]",Lindsay
310,"[[8,1],[9,2],[10,0],[11,3],[12,0],[13,1],[14,0],[15,0],[16,2],[17,0]]",Lindsay
311,"[[8,0],[9,1],[10,2],[11,0],[12,3],[13,3],[14,1],[15,2],[16,1],[17,2]]",Lindsay
312,"[[8,3],[9,0],[10,1],[11,0],[12,2],[13,0],[14,3],[15,1],[16,0],[17,2]]",Lindsay
313,"[[8,1],[9,0],[10,3],[11,2],[12,3],[13,1],[14,0],[15,0],[16,2],[17,3]]",Lindsay
314,"[[8,0],[9,1],[10,0],[11,2],[12,0],[13,3],[14,0],[15,3],[16,0],[17,2]]",Lindsay
315,"[[8,0],[9,0],[10,0],[11,0],[12,0],[13,0],[14,0],[15,0],[16,0],[17,0]]",Lindsay
316,"[[8,0],[9,0],[10,0],[11,0],[12,0],[13,0],[14,0],[15,0],[16,0],[17,0]]",Lindsay
317,"[[8,1],[9,3],[10,0],[11,2],[12,0],[13,1],[14,2],[15,0],[16,3],[17,0]]",Lindsay
318,"[[8,0],[9,3],[10,1],[11,2],[12,0],[13,0],[14,1],[15,3],[16,0],[17,2]]",Lindsay
319,"[[8,1],[9,2],[10,0],[11,1],[12,0],[13,0],[14,3],[15,2],[16,0],[17,3]]",Lindsay
320,"[[8,0],[9,1],[10,0],[11,2],[12,0],[13,0],[14,1],[15,0],[16,2],[17,0]]",Lindsay
321,"[[8,3],[9,0],[10,1],[11,0],[12,2],[13,3],[14,1],[15,0],[16,2],[17,0]]",Lindsay
322,"[[8,0],[9,0],[10,0],[11,0],[12,0],[13,0],[14,0],[15,0],[16,0],[17,0]]",Lindsay
323,"[[8,0],[9,0],[10,0],[11,0],[12,0],[13,0],[14,0],[15,0],[16,0],[17,0]]",Lindsay
324,"[[8,1],[9,3],[10,0],[11,2],[12,0],[13,0],[14,3],[15,3],[16,3],[17,0]]",Lindsay
325,"[[8,0],[9,1],[10,0],[11,0],[12,0],[13,0],[14,2],[15,0],[16,0],[17,0]]",Lindsay
326,"[[8,3],[9,3],[10,1],[11,2],[12,0],[13,1],[14,2],[15,0],[16,0],[17,0]]",Lindsay
327,"[[8,0],[9,1],[10,0],[11,0],[12,0],[13,0],[14,0],[15,2],[16,0],[17,0]]",Lindsay
328,"[[8,0],[9,3],[10,1],[11,3],[12,0],[13,0],[14,2],[15,0],[16,3],[17,0]]",Lindsay
329,"[[8,0],[9,0],[10,0],[11,0],[12,0],[13,0],[14,0],[15,0],[16,0],[17,0]]",Lindsay
330,"[[8,0],[9,0],[10,0],[11,0],[12,0],[13,0],[14,0],[15,0],[16,0],[17,0]]",Lindsay
331,"[[8,1],[9,3],[10,3],[11,2],[12,0],[13,1],[14,0],[15,0],[16,2],[17,0]]",Lindsay
332,"[[8,0],[9,1],[10,3],[11,0],[12,2],[13,0],[14,1],[15,0],[16,0],[17,2]]",Lindsay
333,"[[8,1],[9,0],[10,3],[11,2],[12,0],[13,3],[14,0],[15,0],[16,1],[17,2]]",Lindsay
334,"[[8,0],[9,1],[10,0],[11,2],[12,3],[13,0],[14,1],[15,0],[16,2],[17,3]]",Lindsay
335,"[[8,1],[9,0],[10,0],[11,2],[12,0],[13,3],[14,1],[15,3],[16,0],[17,2]]",Lindsay
336,"[[8,0],[9,0],[10,0],[11,0],[12,0],[13,0],[14,0],[15,0],[16,0],[17,0]]",Lindsay
337,"[[8,0],[9,0],[10,0],[11,0],[12,0],[13,0],[14,0],[15,0],[16,0],[17,0]]",Lindsay
338,"[[8,1],[9,2],[10,3],[11,0],[12,0],[13,3],[14,1],[15,0],[16,2],[17,0]]",Lindsay
339,"[[8,0],[9,1],[10,0],[11,0],[12,2],[13,0],[14,3],[15,1],[16,0],[17,2]]",Lindsay
340,"[[8,1],[9,0],[10,2],[11,0],[12,3],[13,3],[14,1],[15,0],[16,0],[17,2]]",Lindsay
341,"[[8,0],[9,1],[10,0],[11,2],[12,0],[13,0],[14,1],[15,0],[16,2],[17,0]]",Lindsay
342,"[[8,3],[9,3],[10,0],[11,1],[12,0],[13,2],[14,0],[15,3],[16,1],[17,2]]",Lindsay
343,"[[8,0],[9,0],[10,0],[11,0],[12,0],[13,0],[14,0],[15,0],[16,0],[17,0]]",Lindsay
344,"[[8,0],[9,0],[10,0],[11,0],[12,0],[13,0],[14,0],[15,0],[16,0],[17,0]]",Lindsay
345,"[[8,1],[9,0],[10,2],[11,3],[12,3],[13,1],[14,0],[15,0],[16,2],[17,0]]",Lindsay
346,"[[8,1],[9,0],[10,0],[11,0],[12,3],[13,0],[14,0],[15,2],[16,0],[17,0]]",Lindsay
347,"[[8,0],[9,0],[10,1],[11,0],[12,0],[13,0],[14,3],[15,0],[16,2],[17,0]]",Lindsay
348,"[[8,0],[9,1],[10,0],[11,0],[12,2],[13,0],[14,1],[15,3],[16,0],[17,2]]",Lindsay
349,"[[8,0],[9,1],[10,0],[11,2],[12,3],[13,0],[14,0],[15,0],[16,0],[17,0]]",Lindsay
350,"[[8,0],[9,0],[10,0],[11,0],[12,0],[13,0],[14,0],[15,0],[16,0],[17,0]]",Lindsay
351,"[[8,0],[9,0],[10,0],[11,0],[12,0],[13,0],[14,0],[15,0],[16,0],[17,0]]",Lindsay
352,"[[8,1],[9,0],[10,2],[11,3],[12,3],[13,1],[14,0],[15,0],[16,2],[17,0]]",Lindsay
353,"[[8,0],[9,0],[10,3],[11,3],[12,0],[13,0],[14,1],[15,0],[16,0],[17,2]]",Lindsay
354,"[[8,1],[9,0],[10,0],[11,0],[12,0],[13,0],[14,0],[15,0],[16,0],[17,2]]",Lindsay
355,"[[8,0],[9,0],[10,1],[11,3],[12,3],[13,0],[14,2],[15,0],[16,0],[17,0]]",Lindsay
356,"[[8,0],[9,0],[10,3],[11,1],[12,3],[13,0],[14,2],[15,0],[16,0],[17,3]]",Lindsay
357,"[[8,0],[9,0],[10,0],[11,0],[12,0],[13,0],[14,0],[15,0],[16,0],[17,0]]",Lindsay
358,"[[8,0],[9,0],[10,0],[11,0],[12,0],[13,0],[14,0],[15,0],[16,0],[17,2]]",Lindsay
359,"[[8,1],[9,2],[10,0],[11,3],[12,0],[13,1],[14,0],[15,0],[16,2],[17,0]]",Lindsay
360,"[[8,0],[9,1],[10,2],[11,0],[12,3],[13,3],[14,1],[15,2],[16,1],[17,2]]",Lindsay
361,"[[8,3],[9,0],[10,1],[11,0],[12,2],[13,0],[14,3],[15,1],[16,0],[17,2]]",Lindsay
362,"[[8,1],[9,0],[10,3],[11,2],[12,3],[13,1],[14,0],[15,0],[16,2],[17,3]]",Lindsay
363,"[[8,0],[9,1],[10,0],[11,2],[12,0],[13,3],[14,0],[15,3],[16,0],[17,2]]",Lindsay
364,"[[8,0],[9,0],[10,0],[11,0],[12,0],[13,0],[14,0],[15,0],[16,0],[17,0]]",Lindsay
1,"[[8,0],[9,0],[10,0],[11,0],[12,0],[13,0],[14,0],[15,0],[16,0],[17,0]]",Drexel
2,"[[8,1],[9,0],[10,2],[11,3],[12,3],[13,1],[14,0],[15,0],[16,2],[17,0]]",Drexel
3,"[[8,1],[9,0],[10,0],[11,0],[12,3],[13,0],[14,0],[15,2],[16,0],[17,0]]",Drexel
4,"[[8,0],[9,0],[10,1],[11,0],[12,0],[13,0],[14,3],[15,0],[16,2],[17,0]]",Drexel
5,"[[8,0],[9,1],[10,0],[11,0],[12,2],[13,0],[14,1],[15,3],[16,0],[17,2]]",Drexel
6,"[[8,0],[9,1],[10,0],[11,2],[12,3],[13,0],[14,0],[15,0],[16,0],[17,0]]",Drexel
7,"[[8,0],[9,0],[10,0],[11,0],[12,0],[13,0],[14,0],[15,0],[16,0],[17,0]]",Drexel
8,"[[8,0],[9,0],[10,0],[11,0],[12,0],[13,0],[14,0],[15,0],[16,0],[17,0]]",Drexel
9,"[[8,1],[9,0],[10,2],[11,3],[12,3],[13,1],[14,0],[15,0],[16,2],[17,0]]",Drexel
10,"[[8,0],[9,0],[10,3],[11,3],[12,0],[13,0],[14,1],[15,0],[16,0],[17,2]]",Drexel
11,"[[8,1],[9,0],[10,0],[11,0],[12,0],[13,0],[14,0],[15,0],[16,0],[17,2]]",Drexel
12,"[[8,0],[9,0],[10,1],[11,3],[12,3],[13,0],[14,2],[15,0],[16,0],[17,0]]",Drexel
13,"[[8,0],[9,0],[10,3],[11,1],[12,3],[13,0],[14,2],[15,0],[16,0],[17,3]]",Drexel
14,"[[8,0],[9,0],[10,0],[11,0],[12,0],[13,0],[14,0],[15,0],[16,0],[17,0]]",Drexel
15,"[[8,0],[9,0],[10,0],[11,0],[12,0],[13,0],[14,0],[15,0],[16,0],[17,2]]",Drexel
16,"[[8,1],[9,2],[10,0],[11,3],[12,0],[13,1],[14,0],[15,0],[16,2],[17,0]]",Drexel
17,"[[8,0],[9,1],[10,2],[11,0],[12,3],[13,3],[14,1],[15,2],[16,1],[17,2]]",Drexel
18,"[[8,3],[9,0],[10,1],[11,0],[12,2],[13,0],[14,3],[15,1],[16,0],[17,2]]",Drexel
19,"[[8,1],[9,0],[10,3],[11,2],[12,3],[13,1],[14,0],[15,0],[16,2],[17,3]]",Drexel
20,"[[8,0],[9,1],[10,0],[11,2],[12,0],[13,3],[14,0],[15,3],[16,0],[17,2]]",Drexel
21,"[[8,0],[9,0],[10,0],[11,0],[12,0],[13,0],[14,0],[15,0],[16,0],[17,0]]",Drexel
22,"[[8,0],[9,0],[10,0],[11,0],[12,0],[13,0],[14,0],[15,0],[16,0],[17,0]]",Drexel
23,"[[8,1],[9,3],[10,0],[11,2],[12,0],[13,1],[14,2],[15,0],[16,3],[17,0]]",Drexel
24,"[[8,0],[9,3],[10,1],[11,2],[12,0],[13,0],[14,1],[15,3],[16,0],[17,2]]",Drexel
25,"[[8,1],[9,2],[10,0],[11,1],[12,0],[13,0],[14,3],[15,2],[16,0],[17,3]]",Drexel
26,"[[8,0],[9,1],[10,0],[11,2],[12,0],[13,0],[14,1],[15,0],[16,2],[17,0]]",Drexel
27,"[[8,3],[9,0],[10,1],[11,0],[12,2],[13,3],[14,1],[15,0],[16,2],[17,0]]",Drexel
28,"[[8,0],[9,0],[10,0],[11,0],[12,0],[13,0],[14,0],[15,0],[16,0],[17,0]]",Drexel
29,"[[8,0],[9,0],[10,0],[11,0],[12,0],[13,0],[14,0],[15,0],[16,0],[17,0]]",Drexel
30,"[[8,1],[9,3],[10,0],[11,2],[12,0],[13,0],[14,3],[15,3],[16,3],[17,0]]",Drexel
31,"[[8,0],[9,1],[10,0],[11,0],[12,0],[13,0],[14,2],[15,0],[16,0],[17,0]]",Drexel
32,"[[8,3],[9,3],[10,1],[11,2],[12,0],[13,1],[14,2],[15,0],[16,0],[17,0]]",Drexel
33,"[[8,0],[9,1],[10,0],[11,0],[12,0],[13,0],[14,0],[15,2],[16,0],[17,0]]",Drexel
34,"[[8,0],[9,3],[10,1],[11,3],[12,0],[13,0],[14,2],[15,0],[16,3],[17,0]]",Drexel
35,"[[8,0],[9,0],[10,0],[11,0],[12,0],[13,0],[14,0],[15,0],[16,0],[17,0]]",Drexel
36,"[[8,0],[9,0],[10,0],[11,0],[12,0],[13,0],[14,0],[15,0],[16,0],[17,0]]",Drexel
37,"[[8,1],[9,3],[10,3],[11,2],[12,0],[13,1],[14,0],[15,0],[16,2],[17,0]]",Drexel
38,"[[8,0],[9,1],[10,3],[11,0],[12,2],[13,0],[14,1],[15,0],[16,0],[17,2]]",Drexel
39,"[[8,1],[9,0],[10,3],[11,2],[12,0],[13,3],[14,0],[15,0],[16,1],[17,2]]",Drexel
40,"[[8,0],[9,1],[10,0],[11,2],[12,3],[13,0],[14,1],[15,0],[16,2],[17,3]]",Drexel
41,"[[8,1],[9,0],[10,0],[11,2],[12,0],[13,3],[14,1],[15,3],[16,0],[17,2]]",Drexel
42,"[[8,0],[9,0],[10,0],[11,0],[12,0],[13,0],[14,0],[15,0],[16,0],[17,0]]",Drexel
43,"[[8,0],[9,0],[10,0],[11,0],[12,0],[13,0],[14,0],[15,0],[16,0],[17,0]]",Drexel
44,"[[8,1],[9,2],[10,3],[11,0],[12,0],[13,3],[14,1],[15,0],[16,2],[17,0]]",Drexel
45,"[[8,0],[9,1],[10,0],[11,0],[12,2],[13,0],[14,3],[15,1],[16,0],[17,2]]",Drexel
46,"[[8,1],[9,0],[10,2],[11,0],[12,3],[13,3],[14,1],[15,0],[16,0],[17,2]]",Drexel
47,"[[8,0],[9,1],[10,0],[11,2],[12,0],[13,0],[14,1],[15,0],[16,2],[17,0]]",Drexel
48,"[[8,3],[9,3],[10,0],[11,1],[12,0],[13,2],[14,0],[15,3],[16,1],[17,2]]",Drexel
49,"[[8,0],[9,0],[10,0],[11,0],[12,0],[13,0],[14,0],[15,0],[16,0],[17,0]]",Drexel
50,"[[8,0],[9,0],[10,0],[11,0],[12,0],[13,0],[14,0],[15,0],[16,0],[17,0]]",Drexel
51,"[[8,1],[9,0],[10,2],[11,3],[12,3],[13,1],[14,0],[15,0],[16,2],[17,0]]",Drexel
52,"[[8,1],[9,0],[10,0],[11,0],[12,3],[13,0],[14,0],[15,2],[16,0],[17,0]]",Drexel
53,"[[8,0],[9,0],[10,1],[11,0],[12,0],[13,0],[14,3],[15,0],[16,2],[17,0]]",Drexel
54,"[[8,0],[9,1],[10,0],[11,0],[12,2],[13,0],[14,1],[15,3],[16,0],[17,2]]",Drexel
55,"[[8,0],[9,1],[10,0],[11,2],[12,3],[13,0],[14,0],[15,0],[16,0],[17,0]]",Drexel
56,"[[8,0],[9,0],[10,0],[11,0],[12,0],[13,0],[14,0],[15,0],[16,0],[17,0]]",Drexel
57,"[[8,0],[9,0],[10,0],[11,0],[12,0],[13,0],[14,0],[15,0],[16,0],[17,0]]",Drexel
58,"[[8,1],[9,0],[10,2],[11,3],[12,3],[13,1],[14,0],[15,0],[16,2],[17,0]]",Drexel
59,"[[8,0],[9,0],[10,3],[11,3],[12,0],[13,0],[14,1],[15,0],[16,0],[17,2]]",Drexel
60,"[[8,1],[9,0],[10,0],[11,0],[12,0],[13,0],[14,0],[15,0],[16,0],[17,2]]",Drexel
61,"[[8,0],[9,0],[10,1],[11,3],[12,3],[13,0],[14,2],[15,0],[16,0],[17,0]]",Drexel
62,"[[8,0],[9,0],[10,3],[11,1],[12,3],[13,0],[14,2],[15,0],[16,0],[17,3]]",Drexel
63,"[[8,0],[9,0],[10,0],[11,0],[12,0],[13,0],[14,0],[15,0],[16,0],[17,0]]",Drexel
64,"[[8,0],[9,0],[10,0],[11,0],[12,0],[13,0],[14,0],[15,0],[16,0],[17,2]]",Drexel
65,"[[8,1],[9,2],[10,0],[11,3],[12,0],[13,1],[14,0],[15,0],[16,2],[17,0]]",Drexel
66,"[[8,0],[9,1],[10,2],[11,0],[12,3],[13,3],[14,1],[15,2],[16,1],[17,2]]",Drexel
67,"[[8,3],[9,0],[10,1],[11,0],[12,2],[13,0],[14,3],[15,1],[16,0],[17,2]]",Drexel
68,"[[8,1],[9,0],[10,3],[11,2],[12,3],[13,1],[14,0],[15,0],[16,2],[17,3]]",Drexel
69,"[[8,0],[9,1],[10,0],[11,2],[12,0],[13,3],[14,0],[15,3],[16,0],[17,2]]",Drexel
70,"[[8,0],[9,0],[10,0],[11,0],[12,0],[13,0],[14,0],[15,0],[16,0],[17,0]]",Drexel
71,"[[8,0],[9,0],[10,0],[11,0],[12,0],[13,0],[14,0],[15,0],[16,0],[17,0]]",Drexel
72,"[[8,1],[9,3],[10,0],[11,2],[12,0],[13,1],[14,2],[15,0],[16,3],[17,0]]",Drexel
73,"[[8,0],[9,3],[10,1],[11,2],[12,0],[13,0],[14,1],[15,3],[16,0],[17,2]]",Drexel
74,"[[8,1],[9,2],[10,0],[11,1],[12,0],[13,0],[14,3],[15,2],[16,0],[17,3]]",Drexel
75,"[[8,0],[9,1],[10,0],[11,2],[12,0],[13,0],[14,1],[15,0],[16,2],[17,0]]",Drexel
76,"[[8,3],[9,0],[10,1],[11,0],[12,2],[13,3],[14,1],[15,0],[16,2],[17,0]]",Drexel
77,"[[8,0],[9,0],[10,0],[11,0],[12,0],[13,0],[14,0],[15,0],[16,0],[17,0]]",Drexel
78,"[[8,0],[9,0],[10,0],[11,0],[12,0],[13,0],[14,0],[15,0],[16,0],[17,0]]",Drexel
79,"[[8,1],[9,3],[10,0],[11,2],[12,0],[13,0],[14,3],[15,3],[16,3],[17,0]]",Drexel
80,"[[8,0],[9,1],[10,0],[11,0],[12,0],[13,0],[14,2],[15,0],[16,0],[17,0]]",Drexel
81,"[[8,3],[9,3],[10,1],[11,2],[12,0],[13,1],[14,2],[15,0],[16,0],[17,0]]",Drexel
82,"[[8,0],[9,1],[10,0],[11,0],[12,0],[13,0],[14,0],[15,2],[16,0],[17,0]]",Drexel
83,"[[8,0],[9,3],[10,1],[11,3],[12,0],[13,0],[14,2],[15,0],[16,3],[17,0]]",Drexel
84,"[[8,0],[9,0],[10,0],[11,0],[12,0],[13,0],[14,0],[15,0],[16,0],[17,0]]",Drexel
85,"[[8,0],[9,0],[10,0],[11,0],[12,0],[13,0],[14,0],[15,0],[16,0],[17,0]]",Drexel
86,"[[8,1],[9,3],[10,3],[11,2],[12,0],[13,1],[14,0],[15,0],[16,2],[17,0]]",Drexel
87,"[[8,0],[9,1],[10,3],[11,0],[12,2],[13,0],[14,1],[15,0],[16,0],[17,2]]",Drexel
88,"[[8,1],[9,0],[10,3],[11,2],[12,0],[13,3],[14,0],[15,0],[16,1],[17,2]]",Drexel
89,"[[8,0],[9,1],[10,0],[11,2],[12,3],[13,0],[14,1],[15,0],[16,2],[17,3]]",Drexel
90,"[[8,1],[9,0],[10,0],[11,2],[12,0],[13,3],[14,1],[15,3],[16,0],[17,2]]",Drexel
91,"[[8,0],[9,0],[10,0],[11,0],[12,0],[13,0],[14,0],[15,0],[16,0],[17,0]]",Drexel
92,"[[8,0],[9,0],[10,0],[11,0],[12,0],[13,0],[14,0],[15,0],[16,0],[17,0]]",Drexel
93,"[[8,1],[9,2],[10,3],[11,0],[12,0],[13,3],[14,1],[15,0],[16,2],[17,0]]",Drexel
94,"[[8,0],[9,1],[10,0],[11,0],[12,2],[13,0],[14,3],[15,1],[16,0],[17,2]]",Drexel
95,"[[8,1],[9,0],[10,2],[11,0],[12,3],[13,3],[14,1],[15,0],[16,0],[17,2]]",Drexel
96,"[[8,0],[9,1],[10,0],[11,2],[12,0],[13,0],[14,1],[15,0],[16,2],[17,0]]",Drexel
97,"[[8,3],[9,3],[10,0],[11,1],[12,0],[13,2],[14,0],[15,3],[16,1],[17,2]]",Drexel
98,"[[8,0],[9,0],[10,0],[11,0],[12,0],[13,0],[14,0],[15,0],[16,0],[17,0]]",Drexel
99,"[[8,0],[9,0],[10,0],[11,0],[12,0],[13,0],[14,0],[15,0],[16,0],[17,0]]",Drexel
100,"[[8,1],[9,0],[10,2],[11,3],[12,3],[13,1],[14,0],[15,0],[16,2],[17,0]]",Drexel
101,"[[8,1],[9,0],[10,0],[11,0],[12,3],[13,0],[14,0],[15,2],[16,0],[17,0]]",Drexel
102,"[[8,0],[9,0],[10,1],[11,0],[12,0],[13,0],[14,3],[15,0],[16,2],[17,0]]",Drexel
103,"[[8,0],[9,1],[10,0],[11,0],[12,2],[13,0],[14,1],[15,3],[16,0],[17,2]]",Drexel
104,"[[8,0],[9,1],[10,0],[11,2],[12,3],[13,0],[14,0],[15,0],[16,0],[17,0]]",Drexel
105,"[[8,0],[9,0],[10,0],[11,0],[12,0],[13,0],[14,0],[15,0],[16,0],[17,0]]",Drexel
106,"[[8,0],[9,0],[10,0],[11,0],[12,0],[13,0],[14,0],[15,0],[16,0],[17,0]]",Drexel
107,"[[8,1],[9,0],[10,2],[11,3],[12,3],[13,1],[14,0],[15,0],[16,2],[17,0]]",Drexel
108,"[[8,0],[9,0],[10,3],[11,3],[12,0],[13,0],[14,1],[15,0],[16,0],[17,2]]",Drexel
109,"[[8,1],[9,0],[10,0],[11,0],[12,0],[13,0],[14,0],[15,0],[16,0],[17,2]]",Drexel
110,"[[8,0],[9,0],[10,1],[11,3],[12,3],[13,0],[14,2],[15,0],[16,0],[17,0]]",Drexel
111,"[[8,0],[9,0],[10,3],[11,1],[12,3],[13,0],[14,2],[15,0],[16,0],[17,3]]",Drexel
112,"[[8,0],[9,0],[10,0],[11,0],[12,0],[13,0],[14,0],[15,0],[16,0],[17,0]]",Drexel
113,"[[8,0],[9,0],[10,0],[11,0],[12,0],[13,0],[14,0],[15,0],[16,0],[17,2]]",Drexel
114,"[[8,1],[9,2],[10,0],[11,3],[12,0],[13,1],[14,0],[15,0],[16,2],[17,0]]",Drexel
115,"[[8,0],[9,1],[10,2],[11,0],[12,3],[13,3],[14,1],[15,2],[16,1],[17,2]]",Drexel
116,"[[8,3],[9,0],[10,1],[11,0],[12,2],[13,0],[14,3],[15,1],[16,0],[17,2]]",Drexel
117,"[[8,1],[9,0],[10,3],[11,2],[12,3],[13,1],[14,0],[15,0],[16,2],[17,3]]",Drexel
118,"[[8,0],[9,1],[10,0],[11,2],[12,0],[13,3],[14,0],[15,3],[16,0],[17,2]]",Drexel
119,"[[8,0],[9,0],[10,0],[11,0],[12,0],[13,0],[14,0],[15,0],[16,0],[17,0]]",Drexel
120,"[[8,0],[9,0],[10,0],[11,0],[12,0],[13,0],[14,0],[15,0],[16,0],[17,0]]",Drexel
121,"[[8,1],[9,3],[10,0],[11,2],[12,0],[13,1],[14,2],[15,0],[16,3],[17,0]]",Drexel
122,"[[8,0],[9,3],[10,1],[11,2],[12,0],[13,0],[14,1],[15,3],[16,0],[17,2]]",Drexel
123,"[[8,1],[9,2],[10,0],[11,1],[12,0],[13,0],[14,3],[15,2],[16,0],[17,3]]",Drexel
124,"[[8,0],[9,1],[10,0],[11,2],[12,0],[13,0],[14,1],[15,0],[16,2],[17,0]]",Drexel
125,"[[8,3],[9,0],[10,1],[11,0],[12,2],[13,3],[14,1],[15,0],[16,2],[17,0]]",Drexel
126,"[[8,0],[9,0],[10,0],[11,0],[12,0],[13,0],[14,0],[15,0],[16,0],[17,0]]",Drexel
127,"[[8,0],[9,0],[10,0],[11,0],[12,0],[13,0],[14,0],[15,0],[16,0],[17,0]]",Drexel
128,"[[8,1],[9,3],[10,0],[11,2],[12,0],[13,0],[14,3],[15,3],[16,3],[17,0]]",Drexel
129,"[[8,0],[9,1],[10,0],[11,0],[12,0],[13,0],[14,2],[15,0],[16,0],[17,0]]",Drexel
130,"[[8,3],[9,3],[10,1],[11,2],[12,0],[13,1],[14,2],[15,0],[16,0],[17,0]]",Drexel
131,"[[8,0],[9,1],[10,0],[11,0],[12,0],[13,0],[14,0],[15,2],[16,0],[17,0]]",Drexel
132,"[[8,0],[9,3],[10,1],[11,3],[12,0],[13,0],[14,2],[15,0],[16,3],[17,0]]",Drexel
133,"[[8,0],[9,0],[10,0],[11,0],[12,0],[13,0],[14,0],[15,0],[16,0],[17,0]]",Drexel
134,"[[8,0],[9,0],[10,0],[11,0],[12,0],[13,0],[14,0],[15,0],[16,0],[17,0]]",Drexel
135,"[[8,1],[9,3],[10,3],[11,2],[12,0],[13,1],[14,0],[15,0],[16,2],[17,0]]",Drexel
136,"[[8,0],[9,1],[10,3],[11,0],[12,2],[13,0],[14,1],[15,0],[16,0],[17,2]]",Drexel
137,"[[8,1],[9,0],[10,3],[11,2],[12,0],[13,3],[14,0],[15,0],[16,1],[17,2]]",Drexel
138,"[[8,0],[9,1],[10,0],[11,2],[12,3],[13,0],[14,1],[15,0],[16,2],[17,3]]",Drexel
139,"[[8,1],[9,0],[10,0],[11,2],[12,0],[13,3],[14,1],[15,3],[16,0],[17,2]]",Drexel
140,"[[8,0],[9,0],[10,0],[11,0],[12,0],[13,0],[14,0],[15,0],[16,0],[17,0]]",Drexel
141,"[[8,0],[9,0],[10,0],[11,0],[12,0],[13,0],[14,0],[15,0],[16,0],[17,0]]",Drexel
142,"[[8,1],[9,2],[10,3],[11,0],[12,0],[13,3],[14,1],[15,0],[16,2],[17,0]]",Drexel
143,"[[8,0],[9,1],[10,0],[11,0],[12,2],[13,0],[14,3],[15,1],[16,0],[17,2]]",Drexel
144,"[[8,1],[9,0],[10,2],[11,0],[12,3],[13,3],[14,1],[15,0],[16,0],[17,2]]",Drexel
145,"[[8,0],[9,1],[10,0],[11,2],[12,0],[13,0],[14,1],[15,0],[16,2],[17,0]]",Drexel
146,"[[8,3],[9,3],[10,0],[11,1],[12,0],[13,2],[14,0],[15,3],[16,1],[17,2]]",Drexel
147,"[[8,0],[9,0],[10,0],[11,0],[12,0],[13,0],[14,0],[15,0],[16,0],[17,0]]",Drexel
148,"[[8,0],[9,0],[10,0],[11,0],[12,0],[13,0],[14,0],[15,0],[16,0],[17,0]]",Drexel
149,"[[8,1],[9,0],[10,2],[11,3],[12,3],[13,1],[14,0],[15,0],[16,2],[17,0]]",Drexel
150,"[[8,1],[9,0],[10,0],[11,0],[12,3],[13,0],[14,0],[15,2],[16,0],[17,0]]",Drexel
151,"[[8,0],[9,0],[10,1],[11,0],[12,0],[13,0],[14,3],[15,0],[16,2],[17,0]]",Drexel
152,"[[8,0],[9,1],[10,0],[11,0],[12,2],[13,0],[14,1],[15,3],[16,0],[17,2]]",Drexel
153,"[[8,0],[9,1],[10,0],[11,2],[12,3],[13,0],[14,0],[15,0],[16,0],[17,0]]",Drexel
154,"[[8,0],[9,0],[10,0],[11,0],[12,0],[13,0],[14,0],[15,0],[16,0],[17,0]]",Drexel
155,"[[8,0],[9,0],[10,0],[11,0],[12,0],[13,0],[14,0],[15,0],[16,0],[17,0]]",Drexel
156,"[[8,1],[9,0],[10,2],[11,3],[12,3],[13,1],[14,0],[15,0],[16,2],[17,0]]",Drexel
157,"[[8,0],[9,0],[10,3],[11,3],[12,0],[13,0],[14,1],[15,0],[16,0],[17,2]]",Drexel
158,"[[8,1],[9,0],[10,0],[11,0],[12,0],[13,0],[14,0],[15,0],[16,0],[17,2]]",Drexel
159,"[[8,0],[9,0],[10,1],[11,3],[12,3],[13,0],[14,2],[15,0],[16,0],[17,0]]",Drexel
160,"[[8,0],[9,0],[10,3],[11,1],[12,3],[13,0],[14,2],[15,0],[16,0],[17,3]]",Drexel
161,"[[8,0],[9,0],[10,0],[11,0],[12,0],[13,0],[14,0],[15,0],[16,0],[17,0]]",Drexel
162,"[[8,0],[9,0],[10,0],[11,0],[12,0],[13,0],[14,0],[15,0],[16,0],[17,2]]",Drexel
163,"[[8,1],[9,2],[10,0],[11,3],[12,0],[13,1],[14,0],[15,0],[16,2],[17,0]]",Drexel
164,"[[8,0],[9,1],[10,2],[11,0],[12,3],[13,3],[14,1],[15,2],[16,1],[17,2]]",Drexel
165,"[[8,3],[9,0],[10,1],[11,0],[12,2],[13,0],[14,3],[15,1],[16,0],[17,2]]",Drexel
166,"[[8,1],[9,0],[10,3],[11,2],[12,3],[13,1],[14,0],[15,0],[16,2],[17,3]]",Drexel
167,"[[8,0],[9,1],[10,0],[11,2],[12,0],[13,3],[14,0],[15,3],[16,0],[17,2]]",Drexel
168,"[[8,0],[9,0],[10,0],[11,0],[12,0],[13,0],[14,0],[15,0],[16,0],[17,0]]",Drexel
169,"[[8,0],[9,0],[10,0],[11,0],[12,0],[13,0],[14,0],[15,0],[16,0],[17,0]]",Drexel
170,"[[8,1],[9,3],[10,0],[11,2],[12,0],[13,1],[14,2],[15,0],[16,3],[17,0]]",Drexel
171,"[[8,0],[9,3],[10,1],[11,2],[12,0],[13,0],[14,1],[15,3],[16,0],[17,2]]",Drexel
172,"[[8,1],[9,2],[10,0],[11,1],[12,0],[13,0],[14,3],[15,2],[16,0],[17,3]]",Drexel
173,"[[8,0],[9,1],[10,0],[11,2],[12,0],[13,0],[14,1],[15,0],[16,2],[17,0]]",Drexel
174,"[[8,3],[9,0],[10,1],[11,0],[12,2],[13,3],[14,1],[15,0],[16,2],[17,0]]",Drexel
175,"[[8,0],[9,0],[10,0],[11,0],[12,0],[13,0],[14,0],[15,0],[16,0],[17,0]]",Drexel
176,"[[8,0],[9,0],[10,0],[11,0],[12,0],[13,0],[14,0],[15,0],[16,0],[17,0]]",Drexel
177,"[[8,1],[9,3],[10,0],[11,2],[12,0],[13,0],[14,3],[15,3],[16,3],[17,0]]",Drexel
178,"[[8,0],[9,1],[10,0],[11,0],[12,0],[13,0],[14,2],[15,0],[16,0],[17,0]]",Drexel
179,"[[8,3],[9,3],[10,1],[11,2],[12,0],[13,1],[14,2],[15,0],[16,0],[17,0]]",Drexel
180,"[[8,0],[9,1],[10,0],[11,0],[12,0],[13,0],[14,0],[15,2],[16,0],[17,0]]",Drexel
181,"[[8,0],[9,3],[10,1],[11,3],[12,0],[13,0],[14,2],[15,0],[16,3],[17,0]]",Drexel
182,"[[8,0],[9,0],[10,0],[11,0],[12,0],[13,0],[14,0],[15,0],[16,0],[17,0]]",Drexel
183,"[[8,0],[9,0],[10,0],[11,0],[12,0],[13,0],[14,0],[15,0],[16,0],[17,0]]",Drexel
184,"[[8,1],[9,3],[10,3],[11,2],[12,0],[13,1],[14,0],[15,0],[16,2],[17,0]]",Drexel
185,"[[8,0],[9,1],[10,3],[11,0],[12,2],[13,0],[14,1],[15,0],[16,0],[17,2]]",Drexel
186,"[[8,1],[9,0],[10,3],[11,2],[12,0],[13,3],[14,0],[15,0],[16,1],[17,2]]",Drexel
187,"[[8,0],[9,1],[10,0],[11,2],[12,3],[13,0],[14,1],[15,0],[16,2],[17,3]]",Drexel
188,"[[8,1],[9,0],[10,0],[11,2],[12,0],[13,3],[14,1],[15,3],[16,0],[17,2]]",Drexel
189,"[[8,0],[9,0],[10,0],[11,0],[12,0],[13,0],[14,0],[15,0],[16,0],[17,0]]",Drexel
190,"[[8,0],[9,0],[10,0],[11,0],[12,0],[13,0],[14,0],[15,0],[16,0],[17,0]]",Drexel
191,"[[8,1],[9,2],[10,3],[11,0],[12,0],[13,3],[14,1],[15,0],[16,2],[17,0]]",Drexel
192,"[[8,0],[9,1],[10,0],[11,0],[12,2],[13,0],[14,3],[15,1],[16,0],[17,2]]",Drexel
193,"[[8,1],[9,0],[10,2],[11,0],[12,3],[13,3],[14,1],[15,0],[16,0],[17,2]]",Drexel
194,"[[8,0],[9,1],[10,0],[11,2],[12,0],[13,0],[14,1],[15,0],[16,2],[17,0]]",Drexel
195,"[[8,3],[9,3],[10,0],[11,1],[12,0],[13,2],[14,0],[15,3],[16,1],[17,2]]",Drexel
196,"[[8,0],[9,0],[10,0],[11,0],[12,0],[13,0],[14,0],[15,0],[16,0],[17,0]]",Drexel
197,"[[8,0],[9,0],[10,0],[11,0],[12,0],[13,0],[14,0],[15,0],[16,0],[17,0]]",Drexel
198,"[[8,1],[9,0],[10,2],[11,3],[12,3],[13,1],[14,0],[15,0],[16,2],[17,0]]",Drexel
199,"[[8,1],[9,0],[10,0],[11,0],[12,3],[13,0],[14,0],[15,2],[16,0],[17,0]]",Drexel
200,"[[8,0],[9,0],[10,1],[11,0],[12,0],[13,0],[14,3],[15,0],[16,2],[17,0]]",Drexel
201,"[[8,0],[9,1],[10,0],[11,0],[12,2],[13,0],[14,1],[15,3],[16,0],[17,2]]",Drexel
202,"[[8,0],[9,1],[10,0],[11,2],[12,3],[13,0],[14,0],[15,0],[16,0],[17,0]]",Drexel
203,"[[8,0],[9,0],[10,0],[11,0],[12,0],[13,0],[14,0],[15,0],[16,0],[17,0]]",Drexel
204,"[[8,0],[9,0],[10,0],[11,0],[12,0],[13,0],[14,0],[15,0],[16,0],[17,0]]",Drexel
205,"[[8,1],[9,0],[10,2],[11,3],[12,3],[13,1],[14,0],[15,0],[16,2],[17,0]]",Drexel
206,"[[8,0],[9,0],[10,3],[11,3],[12,0],[13,0],[14,1],[15,0],[16,0],[17,2]]",Drexel
207,"[[8,1],[9,0],[10,0],[11,0],[12,0],[13,0],[14,0],[15,0],[16,0],[17,2]]",Drexel
208,"[[8,0],[9,0],[10,1],[11,3],[12,3],[13,0],[14,2],[15,0],[16,0],[17,0]]",Drexel
209,"[[8,0],[9,0],[10,3],[11,1],[12,3],[13,0],[14,2],[15,0],[16,0],[17,3]]",Drexel
210,"[[8,0],[9,0],[10,0],[11,0],[12,0],[13,0],[14,0],[15,0],[16,0],[17,0]]",Drexel
211,"[[8,0],[9,0],[10,0],[11,0],[12,0],[13,0],[14,0],[15,0],[16,0],[17,2]]",Drexel
212,"[[8,1],[9,2],[10,0],[11,3],[12,0],[13,1],[14,0],[15,0],[16,2],[17,0]]",Drexel
213,"[[8,0],[9,1],[10,2],[11,0],[12,3],[13,3],[14,1],[15,2],[16,1],[17,2]]",Drexel
214,"[[8,3],[9,0],[10,1],[11,0],[12,2],[13,0],[14,3],[15,1],[16,0],[17,2]]",Drexel
215,"[[8,1],[9,0],[10,3],[11,2],[12,3],[13,1],[14,0],[15,0],[16,2],[17,3]]",Drexel
216,"[[8,0],[9,1],[10,0],[11,2],[12,0],[13,3],[14,0],[15,3],[16,0],[17,2]]",Drexel
217,"[[8,0],[9,0],[10,0],[11,0],[12,0],[13,0],[14,0],[15,0],[16,0],[17,0]]",Drexel
218,"[[8,0],[9,0],[10,0],[11,0],[12,0],[13,0],[14,0],[15,0],[16,0],[17,0]]",Drexel
219,"[[8,1],[9,3],[10,0],[11,2],[12,0],[13,1],[14,2],[15,0],[16,3],[17,0]]",Drexel
220,"[[8,0],[9,3],[10,1],[11,2],[12,0],[13,0],[14,1],[15,3],[16,0],[17,2]]",Drexel
221,"[[8,1],[9,2],[10,0],[11,1],[12,0],[13,0],[14,3],[15,2],[16,0],[17,3]]",Drexel
222,"[[8,0],[9,1],[10,0],[11,2],[12,0],[13,0],[14,1],[15,0],[16,2],[17,0]]",Drexel
223,"[[8,3],[9,0],[10,1],[11,0],[12,2],[13,3],[14,1],[15,0],[16,2],[17,0]]",Drexel
224,"[[8,0],[9,0],[10,0],[11,0],[12,0],[13,0],[14,0],[15,0],[16,0],[17,0]]",Drexel
225,"[[8,0],[9,0],[10,0],[11,0],[12,0],[13,0],[14,0],[15,0],[16,0],[17,0]]",Drexel
226,"[[8,1],[9,3],[10,0],[11,2],[12,0],[13,0],[14,3],[15,3],[16,3],[17,0]]",Drexel
227,"[[8,0],[9,1],[10,0],[11,0],[12,0],[13,0],[14,2],[15,0],[16,0],[17,0]]",Drexel
228,"[[8,3],[9,3],[10,1],[11,2],[12,0],[13,1],[14,2],[15,0],[16,0],[17,0]]",Drexel
229,"[[8,0],[9,1],[10,0],[11,0],[12,0],[13,0],[14,0],[15,2],[16,0],[17,0]]",Drexel
230,"[[8,0],[9,3],[10,1],[11,3],[12,0],[13,0],[14,2],[15,0],[16,3],[17,0]]",Drexel
231,"[[8,0],[9,0],[10,0],[11,0],[12,0],[13,0],[14,0],[15,0],[16,0],[17,0]]",Drexel
232,"[[8,0],[9,0],[10,0],[11,0],[12,0],[13,0],[14,0],[15,0],[16,0],[17,0]]",Drexel
233,"[[8,1],[9,3],[10,3],[11,2],[12,0],[13,1],[14,0],[15,0],[16,2],[17,0]]",Drexel
234,"[[8,0],[9,1],[10,3],[11,0],[12,2],[13,0],[14,1],[15,0],[16,0],[17,2]]",Drexel
235,"[[8,1],[9,0],[10,3],[11,2],[12,0],[13,3],[14,0],[15,0],[16,1],[17,2]]",Drexel
236,"[[8,0],[9,1],[10,0],[11,2],[12,3],[13,0],[14,1],[15,0],[16,2],[17,3]]",Drexel
237,"[[8,1],[9,0],[10,0],[11,2],[12,0],[13,3],[14,1],[15,3],[16,0],[17,2]]",Drexel
238,"[[8,0],[9,0],[10,0],[11,0],[12,0],[13,0],[14,0],[15,0],[16,0],[17,0]]",Drexel
239,"[[8,0],[9,0],[10,0],[11,0],[12,0],[13,0],[14,0],[15,0],[16,0],[17,0]]",Drexel
240,"[[8,1],[9,2],[10,3],[11,0],[12,0],[13,3],[14,1],[15,0],[16,2],[17,0]]",Drexel
241,"[[8,0],[9,1],[10,0],[11,0],[12,2],[13,0],[14,3],[15,1],[16,0],[17,2]]",Drexel
242,"[[8,1],[9,0],[10,2],[11,0],[12,3],[13,3],[14,1],[15,0],[16,0],[17,2]]",Drexel
243,"[[8,0],[9,1],[10,0],[11,2],[12,0],[13,0],[14,1],[15,0],[16,2],[17,0]]",Drexel
244,"[[8,3],[9,3],[10,0],[11,1],[12,0],[13,2],[14,0],[15,3],[16,1],[17,2]]",Drexel
245,"[[8,0],[9,0],[10,0],[11,0],[12,0],[13,0],[14,0],[15,0],[16,0],[17,0]]",Drexel
246,"[[8,0],[9,0],[10,0],[11,0],[12,0],[13,0],[14,0],[15,0],[16,0],[17,0]]",Drexel
247,"[[8,1],[9,0],[10,2],[11,3],[12,3],[13,1],[14,0],[15,0],[16,2],[17,0]]",Drexel
248,"[[8,1],[9,0],[10,0],[11,0],[12,3],[13,0],[14,0],[15,2],[16,0],[17,0]]",Drexel
249,"[[8,0],[9,0],[10,1],[11,0],[12,0],[13,0],[14,3],[15,0],[16,2],[17,0]]",Drexel
250,"[[8,0],[9,1],[10,0],[11,0],[12,2],[13,0],[14,1],[15,3],[16,0],[17,2]]",Drexel
251,"[[8,0],[9,1],[10,0],[11,2],[12,3],[13,0],[14,0],[15,0],[16,0],[17,0]]",Drexel
252,"[[8,0],[9,0],[10,0],[11,0],[12,0],[13,0],[14,0],[15,0],[16,0],[17,0]]",Drexel
253,"[[8,0],[9,0],[10,0],[11,0],[12,0],[13,0],[14,0],[15,0],[16,0],[17,0]]",Drexel
254,"[[8,1],[9,0],[10,2],[11,3],[12,3],[13,1],[14,0],[15,0],[16,2],[17,0]]",Drexel
255,"[[8,0],[9,0],[10,3],[11,3],[12,0],[13,0],[14,1],[15,0],[16,0],[17,2]]",Drexel
256,"[[8,1],[9,0],[10,0],[11,0],[12,0],[13,0],[14,0],[15,0],[16,0],[17,2]]",Drexel
257,"[[8,0],[9,0],[10,1],[11,3],[12,3],[13,0],[14,2],[15,0],[16,0],[17,0]]",Drexel
258,"[[8,0],[9,0],[10,3],[11,1],[12,3],[13,0],[14,2],[15,0],[16,0],[17,3]]",Drexel
259,"[[8,0],[9,0],[10,0],[11,0],[12,0],[13,0],[14,0],[15,0],[16,0],[17,0]]",Drexel
260,"[[8,0],[9,0],[10,0],[11,0],[12,0],[13,0],[14,0],[15,0],[16,0],[17,2]]",Drexel
261,"[[8,1],[9,2],[10,0],[11,3],[12,0],[13,1],[14,0],[15,0],[16,2],[17,0]]",Drexel
262,"[[8,0],[9,1],[10,2],[11,0],[12,3],[13,3],[14,1],[15,2],[16,1],[17,2]]",Drexel
263,"[[8,3],[9,0],[10,1],[11,0],[12,2],[13,0],[14,3],[15,1],[16,0],[17,2]]",Drexel
264,"[[8,1],[9,0],[10,3],[11,2],[12,3],[13,1],[14,0],[15,0],[16,2],[17,3]]",Drexel
265,"[[8,0],[9,1],[10,0],[11,2],[12,0],[13,3],[14,0],[15,3],[16,0],[17,2]]",Drexel
266,"[[8,0],[9,0],[10,0],[11,0],[12,0],[13,0],[14,0],[15,0],[16,0],[17,0]]",Drexel
267,"[[8,0],[9,0],[10,0],[11,0],[12,0],[13,0],[14,0],[15,0],[16,0],[17,0]]",Drexel
268,"[[8,1],[9,3],[10,0],[11,2],[12,0],[13,1],[14,2],[15,0],[16,3],[17,0]]",Drexel
269,"[[8,0],[9,3],[10,1],[11,2],[12,0],[13,0],[14,1],[15,3],[16,0],[17,2]]",Drexel
270,"[[8,1],[9,2],[10,0],[11,1],[12,0],[13,0],[14,3],[15,2],[16,0],[17,3]]",Drexel
271,"[[8,0],[9,1],[10,0],[11,2],[12,0],[13,0],[14,1],[15,0],[16,2],[17,0]]",Drexel
272,"[[8,3],[9,0],[10,1],[11,0],[12,2],[13,3],[14,1],[15,0],[16,2],[17,0]]",Drexel
273,"[[8,0],[9,0],[10,0],[11,0],[12,0],[13,0],[14,0],[15,0],[16,0],[17,0]]",Drexel
274,"[[8,0],[9,0],[10,0],[11,0],[12,0],[13,0],[14,0],[15,0],[16,0],[17,0]]",Drexel
275,"[[8,1],[9,3],[10,0],[11,2],[12,0],[13,0],[14,3],[15,3],[16,3],[17,0]]",Drexel
276,"[[8,0],[9,1],[10,0],[11,0],[12,0],[13,0],[14,2],[15,0],[16,0],[17,0]]",Drexel
277,"[[8,3],[9,3],[10,1],[11,2],[12,0],[13,1],[14,2],[15,0],[16,0],[17,0]]",Drexel
278,"[[8,0],[9,1],[10,0],[11,0],[12,0],[13,0],[14,0],[15,2],[16,0],[17,0]]",Drexel
279,"[[8,0],[9,3],[10,1],[11,3],[12,0],[13,0],[14,2],[15,0],[16,3],[17,0]]",Drexel
280,"[[8,0],[9,0],[10,0],[11,0],[12,0],[13,0],[14,0],[15,0],[16,0],[17,0]]",Drexel
281,"[[8,0],[9,0],[10,0],[11,0],[12,0],[13,0],[14,0],[15,0],[16,0],[17,0]]",Drexel
282,"[[8,1],[9,3],[10,3],[11,2],[12,0],[13,1],[14,0],[15,0],[16,2],[17,0]]",Drexel
283,"[[8,0],[9,1],[10,3],[11,0],[12,2],[13,0],[14,1],[15,0],[16,0],[17,2]]",Drexel
284,"[[8,1],[9,0],[10,3],[11,2],[12,0],[13,3],[14,0],[15,0],[16,1],[17,2]]",Drexel
285,"[[8,0],[9,1],[10,0],[11,2],[12,3],[13,0],[14,1],[15,0],[16,2],[17,3]]",Drexel
286,"[[8,1],[9,0],[10,0],[11,2],[12,0],[13,3],[14,1],[15,3],[16,0],[17,2]]",Drexel
287,"[[8,0],[9,0],[10,0],[11,0],[12,0],[13,0],[14,0],[15,0],[16,0],[17,0]]",Drexel
288,"[[8,0],[9,0],[10,0],[11,0],[12,0],[13,0],[14,0],[15,0],[16,0],[17,0]]",Drexel
289,"[[8,1],[9,2],[10,3],[11,0],[12,0],[13,3],[14,1],[15,0],[16,2],[17,0]]",Drexel
290,"[[8,0],[9,1],[10,0],[11,0],[12,2],[13,0],[14,3],[15,1],[16,0],[17,2]]",Drexel
291,"[[8,1],[9,0],[10,2],[11,0],[12,3],[13,3],[14,1],[15,0],[16,0],[17,2]]",Drexel
292,"[[8,0],[9,1],[10,0],[11,2],[12,0],[13,0],[14,1],[15,0],[16,2],[17,0]]",Drexel
293,"[[8,3],[9,3],[10,0],[11,1],[12,0],[13,2],[14,0],[15,3],[16,1],[17,2]]",Drexel
294,"[[8,0],[9,0],[10,0],[11,0],[12,0],[13,0],[14,0],[15,0],[16,0],[17,0]]",Drexel
295,"[[8,0],[9,0],[10,0],[11,0],[12,0],[13,0],[14,0],[15,0],[16,0],[17,0]]",Drexel
296,"[[8,1],[9,0],[10,2],[11,3],[12,3],[13,1],[14,0],[15,0],[16,2],[17,0]]",Drexel
297,"[[8,1],[9,0],[10,0],[11,0],[12,3],[13,0],[14,0],[15,2],[16,0],[17,0]]",Drexel
298,"[[8,0],[9,0],[10,1],[11,0],[12,0],[13,0],[14,3],[15,0],[16,2],[17,0]]",Drexel
299,"[[8,0],[9,1],[10,0],[11,0],[12,2],[13,0],[14,1],[15,3],[16,0],[17,2]]",Drexel
300,"[[8,0],[9,1],[10,0],[11,2],[12,3],[13,0],[14,0],[15,0],[16,0],[17,0]]",Drexel
301,"[[8,0],[9,0],[10,0],[11,0],[12,0],[13,0],[14,0],[15,0],[16,0],[17,0]]",Drexel
302,"[[8,0],[9,0],[10,0],[11,0],[12,0],[13,0],[14,0],[15,0],[16,0],[17,0]]",Drexel
303,"[[8,1],[9,0],[10,2],[11,3],[12,3],[13,1],[14,0],[15,0],[16,2],[17,0]]",Drexel
304,"[[8,0],[9,0],[10,3],[11,3],[12,0],[13,0],[14,1],[15,0],[16,0],[17,2]]",Drexel
305,"[[8,1],[9,0],[10,0],[11,0],[12,0],[13,0],[14,0],[15,0],[16,0],[17,2]]",Drexel
306,"[[8,0],[9,0],[10,1],[11,3],[12,3],[13,0],[14,2],[15,0],[16,0],[17,0]]",Drexel
307,"[[8,0],[9,0],[10,3],[11,1],[12,3],[13,0],[14,2],[15,0],[16,0],[17,3]]",Drexel
308,"[[8,0],[9,0],[10,0],[11,0],[12,0],[13,0],[14,0],[15,0],[16,0],[17,0]]",Drexel
309,"[[8,0],[9,0],[10,0],[11,0],[12,0],[13,0],[14,0],[15,0],[16,0],[17,2]]",Drexel
310,"[[8,1],[9,2],[10,0],[11,3],[12,0],[13,1],[14,0],[15,0],[16,2],[17,0]]",Drexel
311,"[[8,0],[9,1],[10,2],[11,0],[12,3],[13,3],[14,1],[15,2],[16,1],[17,2]]",Drexel
312,"[[8,3],[9,0],[10,1],[11,0],[12,2],[13,0],[14,3],[15,1],[16,0],[17,2]]",Drexel
313,"[[8,1],[9,0],[10,3],[11,2],[12,3],[13,1],[14,0],[15,0],[16,2],[17,3]]",Drexel
314,"[[8,0],[9,1],[10,0],[11,2],[12,0],[13,3],[14,0],[15,3],[16,0],[17,2]]",Drexel
315,"[[8,0],[9,0],[10,0],[11,0],[12,0],[13,0],[14,0],[15,0],[16,0],[17,0]]",Drexel
316,"[[8,0],[9,0],[10,0],[11,0],[12,0],[13,0],[14,0],[15,0],[16,0],[17,0]]",Drexel
317,"[[8,1],[9,3],[10,0],[11,2],[12,0],[13,1],[14,2],[15,0],[16,3],[17,0]]",Drexel
318,"[[8,0],[9,3],[10,1],[11,2],[12,0],[13,0],[14,1],[15,3],[16,0],[17,2]]",Drexel
319,"[[8,1],[9,2],[10,0],[11,1],[12,0],[13,0],[14,3],[15,2],[16,0],[17,3]]",Drexel
320,"[[8,0],[9,1],[10,0],[11,2],[12,0],[13,0],[14,1],[15,0],[16,2],[17,0]]",Drexel
321,"[[8,3],[9,0],[10,1],[11,0],[12,2],[13,3],[14,1],[15,0],[16,2],[17,0]]",Drexel
322,"[[8,0],[9,0],[10,0],[11,0],[12,0],[13,0],[14,0],[15,0],[16,0],[17,0]]",Drexel
323,"[[8,0],[9,0],[10,0],[11,0],[12,0],[13,0],[14,0],[15,0],[16,0],[17,0]]",Drexel
324,"[[8,1],[9,3],[10,0],[11,2],[12,0],[13,0],[14,3],[15,3],[16,3],[17,0]]",Drexel
325,"[[8,0],[9,1],[10,0],[11,0],[12,0],[13,0],[14,2],[15,0],[16,0],[17,0]]",Drexel
326,"[[8,3],[9,3],[10,1],[11,2],[12,0],[13,1],[14,2],[15,0],[16,0],[17,0]]",Drexel
327,"[[8,0],[9,1],[10,0],[11,0],[12,0],[13,0],[14,0],[15,2],[16,0],[17,0]]",Drexel
328,"[[8,0],[9,3],[10,1],[11,3],[12,0],[13,0],[14,2],[15,0],[16,3],[17,0]]",Drexel
329,"[[8,0],[9,0],[10,0],[11,0],[12,0],[13,0],[14,0],[15,0],[16,0],[17,0]]",Drexel
330,"[[8,0],[9,0],[10,0],[11,0],[12,0],[13,0],[14,0],[15,0],[16,0],[17,0]]",Drexel
331,"[[8,1],[9,3],[10,3],[11,2],[12,0],[13,1],[14,0],[15,0],[16,2],[17,0]]",Drexel
332,"[[8,0],[9,1],[10,3],[11,0],[12,2],[13,0],[14,1],[15,0],[16,0],[17,2]]",Drexel
333,"[[8,1],[9,0],[10,3],[11,2],[12,0],[13,3],[14,0],[15,0],[16,1],[17,2]]",Drexel
334,"[[8,0],[9,1],[10,0],[11,2],[12,3],[13,0],[14,1],[15,0],[16,2],[17,3]]",Drexel
335,"[[8,1],[9,0],[10,0],[11,2],[12,0],[13,3],[14,1],[15,3],[16,0],[17,2]]",Drexel
336,"[[8,0],[9,0],[10,0],[11,0],[12,0],[13,0],[14,0],[15,0],[16,0],[17,0]]",Drexel
337,"[[8,0],[9,0],[10,0],[11,0],[12,0],[13,0],[14,0],[15,0],[16,0],[17,0]]",Drexel
338,"[[8,1],[9,2],[10,3],[11,0],[12,0],[13,3],[14,1],[15,0],[16,2],[17,0]]",Drexel
339,"[[8,0],[9,1],[10,0],[11,0],[12,2],[13,0],[14,3],[15,1],[16,0],[17,2]]",Drexel
340,"[[8,1],[9,0],[10,2],[11,0],[12,3],[13,3],[14,1],[15,0],[16,0],[17,2]]",Drexel
341,"[[8,0],[9,1],[10,0],[11,2],[12,0],[13,0],[14,1],[15,0],[16,2],[17,0]]",Drexel
342,"[[8,3],[9,3],[10,0],[11,1],[12,0],[13,2],[14,0],[15,3],[16,1],[17,2]]",Drexel
343,"[[8,0],[9,0],[10,0],[11,0],[12,0],[13,0],[14,0],[15,0],[16,0],[17,0]]",Drexel
344,"[[8,0],[9,0],[10,0],[11,0],[12,0],[13,0],[14,0],[15,0],[16,0],[17,0]]",Drexel
345,"[[8,1],[9,0],[10,2],[11,3],[12,3],[13,1],[14,0],[15,0],[16,2],[17,0]]",Drexel
346,"[[8,1],[9,0],[10,0],[11,0],[12,3],[13,0],[14,0],[15,2],[16,0],[17,0]]",Drexel
347,"[[8,0],[9,0],[10,1],[11,0],[12,0],[13,0],[14,3],[15,0],[16,2],[17,0]]",Drexel
348,"[[8,0],[9,1],[10,0],[11,0],[12,2],[13,0],[14,1],[15,3],[16,0],[17,2]]",Drexel
349,"[[8,0],[9,1],[10,0],[11,2],[12,3],[13,0],[14,0],[15,0],[16,0],[17,0]]",Drexel
350,"[[8,0],[9,0],[10,0],[11,0],[12,0],[13,0],[14,0],[15,0],[16,0],[17,0]]",Drexel
351,"[[8,0],[9,0],[10,0],[11,0],[12,0],[13,0],[14,0],[15,0],[16,0],[17,0]]",Drexel
352,"[[8,1],[9,0],[10,2],[11,3],[12,3],[13,1],[14,0],[15,0],[16,2],[17,0]]",Drexel
353,"[[8,0],[9,0],[10,3],[11,3],[12,0],[13,0],[14,1],[15,0],[16,0],[17,2]]",Drexel
354,"[[8,1],[9,0],[10,0],[11,0],[12,0],[13,0],[14,0],[15,0],[16,0],[17,2]]",Drexel
355,"[[8,0],[9,0],[10,1],[11,3],[12,3],[13,0],[14,2],[15,0],[16,0],[17,0]]",Drexel
356,"[[8,0],[9,0],[10,3],[11,1],[12,3],[13,0],[14,2],[15,0],[16,0],[17,3]]",Drexel
357,"[[8,0],[9,0],[10,0],[11,0],[12,0],[13,0],[14,0],[15,0],[16,0],[17,0]]",Drexel
358,"[[8,0],[9,0],[10,0],[11,0],[12,0],[13,0],[14,0],[15,0],[16,0],[17,2]]",Drexel
359,"[[8,1],[9,2],[10,0],[11,3],[12,0],[13,1],[14,0],[15,0],[16,2],[17,0]]",Drexel
360,"[[8,0],[9,1],[10,2],[11,0],[12,3],[13,3],[14,1],[15,2],[16,1],[17,2]]",Drexel
361,"[[8,3],[9,0],[10,1],[11,0],[12,2],[13,0],[14,3],[15,1],[16,0],[17,2]]",Drexel
362,"[[8,1],[9,0],[10,3],[11,2],[12,3],[13,1],[14,0],[15,0],[16,2],[17,3]]",Drexel
363,"[[8,0],[9,1],[10,0],[11,2],[12,0],[13,3],[14,0],[15,3],[16,0],[17,2]]",Drexel
364,"[[8,0],[9,0],[10,0],[11,0],[12,0],[13,0],[14,0],[15,0],[16,0],[17,0]]",Drexel